Nombre;Tipo;Numeración;Nombre_limpio;Token0;Token1;Token2;Token3;Token4;Token5;Token6;Token7;Token8;Token9;Token10;Token11;Token12;Token13;Token14
esc.n°230 bajo hondo;esc.;n°230;bajo hondo;bajo;hondo;;;;;;;;;;;;;
esc.n°353 batallon de ing. de construcciones 141;esc.;n°353;batallon de ing. de construcciones 141;batallon;de;ing.;de;construcciones;141;;;;;;;;;
jardin de infantes n°39 rincon de luz;jardin de infantes;n°39;rincon de luz;rincon;de;luz;;;;;;;;;;;;
jardin de infantes n°01 federico froebel;jardin de infantes;n°01;federico froebel;federico;froebel;;;;;;;;;;;;;
jardin de infantes n°01 munic.beatriz de la v.de costa medina;jardin de infantes;n°01;munic.beatriz de la v.de costa medina;munic.beatriz;de;la;v.de;costa;medina;;;;;;;;;
esc.n°178 dia de las americas;esc.;n°178;dia de las americas;dia;de;las;americas;;;;;;;;;;;
esc.n°386;esc.;n°386;;;;;;;;;;;;;;;;
esc.n°162 pablo vi;esc.;n°162;pablo vi;pablo;vi;;;;;;;;;;;;;
esc.n°218 mercedes de stipanicci;esc.;n°218;mercedes de stipanicci;mercedes;de;stipanicci;;;;;;;;;;;;
jardin de infantes n°35 estela peñaloza camet;jardin de infantes;n°35;estela peñaloza camet;estela;peñaloza;camet;;;;;;;;;;;;
colegio privado william morris;colegio;;privado william morris;privado;william;morris;;;;;;;;;;;;
jardin de infantes n°26 arlecchino;jardin de infantes;n°26;arlecchino;arlecchino;;;;;;;;;;;;;;
jardin de infantes n°34 merceditas de san martin;jardin de infantes;n°34;merceditas de san martin;merceditas;de;san;martin;;;;;;;;;;;
esc.n°249 general manuel belgrano;esc.;n°249;general manuel belgrano;general;manuel;belgrano;;;;;;;;;;;;
esc.n°252 bernardino rivadavia;esc.;n°252;bernardino rivadavia;bernardino;rivadavia;;;;;;;;;;;;;
i.a.e.s. superior y secundario;;;i.a.e.s. superior y secundario;i.a.e.s.;superior;y;secundario;;;;;;;;;;;
esc.n°191 sarmiento;esc.;n°191;sarmiento;sarmiento;;;;;;;;;;;;;;
esc.n°395 malvinas argentinas;esc.;n°395;malvinas argentinas;malvinas;argentinas;;;;;;;;;;;;;
esc.n°287 maestro armando herrera robledo;esc.;n°287;maestro armando herrera robledo;maestro;armando;herrera;robledo;;;;;;;;;;;
jardin de infantes n°33 liliana albarracin;jardin de infantes;n°33;liliana albarracin;liliana;albarracin;;;;;;;;;;;;;
jardin de infantes n°15 hnas.agazzi;jardin de infantes;n°15;hnas.agazzi;hnas.agazzi;;;;;;;;;;;;;;
jardin de infantes n°25 maria mercedes roldan;jardin de infantes;n°25;maria mercedes roldan;maria;mercedes;roldan;;;;;;;;;;;;
esc.n°054 provincia de buenos aires;esc.;n°054;provincia de buenos aires;provincia;de;buenos;aires;;;;;;;;;;;
esc.n°308 dardo de la vega diaz;esc.;n°308;dardo de la vega diaz;dardo;de;la;vega;diaz;;;;;;;;;;
esc.n°167;esc.;n°167;;;;;;;;;;;;;;;;
esc.n°326 estaurofila luna de granillo;esc.;n°326;estaurofila luna de granillo;estaurofila;luna;de;granillo;;;;;;;;;;;
esc.n°201 juan francisco carrizo;esc.;n°201;juan francisco carrizo;juan;francisco;carrizo;;;;;;;;;;;;
esc.n°309 gdor.manuel v.bustos;esc.;n°309;gdor.manuel v.bustos;gdor.manuel;v.bustos;;;;;;;;;;;;;
esc.n°232 brigida ramirez de de la vega;esc.;n°232;brigida ramirez de de la vega;brigida;ramirez;de;de;la;vega;;;;;;;;;
esc.n°314 dr.tomas manuel de anchorena;esc.;n°314;dr.tomas manuel de anchorena;dr.tomas;manuel;de;anchorena;;;;;;;;;;;
jardin de infantes n°27 rosario v.peñaloza;jardin de infantes;n°27;rosario v.peñaloza;rosario;v.peñaloza;;;;;;;;;;;;;
escuela especial n°382 aleluya;escuela;n°382;especial  aleluya;especial;;aleluya;;;;;;;;;;;;
jardin de infantes n°16 maria g.busto de de la colina;jardin de infantes;n°16;maria g.busto de de la colina;maria;g.busto;de;de;la;colina;;;;;;;;;
escuela especial n°338 fray mamerto esquiu;escuela;n°338;especial  fray mamerto esquiu;especial;;fray;mamerto;esquiu;;;;;;;;;;
esc.n°174 provincia de saltaj.c.;esc.;n°174;provincia de saltaj.c.;provincia;de;saltaj.c.;;;;;;;;;;;;
esc.n°051 provincia de jujuy;esc.;n°051;provincia de jujuy;provincia;de;jujuy;;;;;;;;;;;;
centro educativo para jovenes y adultos (ex.bach.p/adulto);;;centro educativo para jovenes y adultos (ex.bach.p/adulto);centro;educativo;para;jovenes;y;adultos;(ex.bach.p/adulto);;;;;;;;
esc.n°365 provincia de misiones;esc.;n°365;provincia de misiones;provincia;de;misiones;;;;;;;;;;;;
esc.n°299 juan jose paso;esc.;n°299;juan jose paso;juan;jose;paso;;;;;;;;;;;;
escuela provincial de comercio n°1 prof.enrique f.clara;escuela;n°1;provincial de comercio  prof.enrique f.clara;provincial;de;comercio;;prof.enrique;f.clara;;;;;;;;;
esc.privada gabriela mistral (ex-jornada completa);esc.;;privada gabriela mistral (ex-jornada completa);privada;gabriela;mistral;(ex-jornada;completa);;;;;;;;;;
esc.n°369 maestro humberto pereyra;esc.;n°369;maestro humberto pereyra;maestro;humberto;pereyra;;;;;;;;;;;;
esc.n°245 pedro ignacio de castro barros;esc.;n°245;pedro ignacio de castro barros;pedro;ignacio;de;castro;barros;;;;;;;;;;
i.s.f.d. albino sanchez barros;;;i.s.f.d. albino sanchez barros;i.s.f.d.;albino;sanchez;barros;;;;;;;;;;;
jardin de infantes n°02 maria montessori;jardin de infantes;n°02;maria montessori;maria;montessori;;;;;;;;;;;;;
esc.n°246 general ortiz de ocampo;esc.;n°246;general ortiz de ocampo;general;ortiz;de;ocampo;;;;;;;;;;;
esc.n°280 tambor de tacuari;esc.;n°280;tambor de tacuari;tambor;de;tacuari;;;;;;;;;;;;
jardin de infantes n°36 nicolas lanzilloto;jardin de infantes;n°36;nicolas lanzilloto;nicolas;lanzilloto;;;;;;;;;;;;;
colegio provincial n°02;colegio;n°02;provincial;provincial;;;;;;;;;;;;;;
esc.n°361 expedicion auxiliar zelada davila;esc.;n°361;expedicion auxiliar zelada davila;expedicion;auxiliar;zelada;davila;;;;;;;;;;;
i.s.f.d. y t. en arte y comunicacion alberto crulcich;;;i.s.f.d. y t. en arte y comunicacion alberto crulcich;i.s.f.d.;y;t.;en;arte;y;comunicacion;alberto;crulcich;;;;;;
colegio provincial n°01 joaquin v.gonzalez;colegio;n°01;provincial  joaquin v.gonzalez;provincial;;joaquin;v.gonzalez;;;;;;;;;;;
jardin de infantes n°29 niño jesus alcalde;jardin de infantes;n°29;niño jesus alcalde;niño;jesus;alcalde;;;;;;;;;;;;
esc.n°394 san jose de calasanz;esc.;n°394;san jose de calasanz;san;jose;de;calasanz;;;;;;;;;;;
colegio provincial n°03 lic.lidia chavez de brizuela;colegio;n°03;provincial  lic.lidia chavez de brizuela;provincial;;lic.lidia;chavez;de;brizuela;;;;;;;;;
esc.n°164 juana loreto de arguello;esc.;n°164;juana loreto de arguello;juana;loreto;de;arguello;;;;;;;;;;;
colegio provincial de villa sanagasta;colegio;;provincial de villa sanagasta;provincial;de;villa;sanagasta;;;;;;;;;;;
esc.n°011 provincia de tucuman;esc.;n°011;provincia de tucuman;provincia;de;tucuman;;;;;;;;;;;;
esc.n°175 gral.belgrano;esc.;n°175;gral.belgrano;gral.belgrano;;;;;;;;;;;;;;
esc.n°248 francisca geronima barros;esc.;n°248;francisca geronima barros;francisca;geronima;barros;;;;;;;;;;;;
esc.n°257 gral.jose de san martin;esc.;n°257;gral.jose de san martin;gral.jose;de;san;martin;;;;;;;;;;;
instituto parroquial pedro goyena;instituto;;parroquial pedro goyena;parroquial;pedro;goyena;;;;;;;;;;;;
esc.n°195 provincia de catamarca;esc.;n°195;provincia de catamarca;provincia;de;catamarca;;;;;;;;;;;;
colegio cornelio sanchez oviedo-anexo esc.de comercio;colegio;;cornelio sanchez oviedo-anexo de comercio;cornelio;sanchez;oviedo-anexo;de;comercio;;;;;;;;;;
colegio cornelio sanchez oviedo (esc. n°51);colegio;n°51;cornelio sanchez oviedo ( );cornelio;sanchez;oviedo;(;);;;;;;;;;;
esc.parroquial n°336 inmaculada concepcion;esc.;n°336;parroquial  inmaculada concepcion;parroquial;;inmaculada;concepcion;;;;;;;;;;;
j.i.n. n°9 maria lidia villafañe de diaz luna;;n°9;j.i.n.  maria lidia villafañe de diaz luna;j.i.n.;;maria;lidia;villafañe;de;diaz;luna;;;;;;;
j.i.n. n°9 extension 01 maria isabel vilches;;n°9;j.i.n.  extension 01 maria isabel vilches;j.i.n.;;extension;01;maria;isabel;vilches;;;;;;;;
esc.n°010;esc.;n°010;;;;;;;;;;;;;;;;
escuela especial n°377 obispo enrique angelelli;escuela;n°377;especial  obispo enrique angelelli;especial;;obispo;enrique;angelelli;;;;;;;;;;
esc.n°199 republica de venezuela;esc.;n°199;republica de venezuela;republica;de;venezuela;;;;;;;;;;;;
esc.n°398 monseñor angelelli;esc.;n°398;monseñor angelelli;monseñor;angelelli;;;;;;;;;;;;;
jardin de infantes n°03 constancio c.vigil;jardin de infantes;n°03;constancio c.vigil;constancio;c.vigil;;;;;;;;;;;;;
centro polivalente de arte e.guzman loza;;;centro polivalente de arte e.guzman loza;centro;polivalente;de;arte;e.guzman;loza;;;;;;;;;
esc.n°190 gral.san martin;esc.;n°190;gral.san martin;gral.san;martin;;;;;;;;;;;;;
esc.n°192 dr.nicolas avellaneda;esc.;n°192;dr.nicolas avellaneda;dr.nicolas;avellaneda;;;;;;;;;;;;;
esc.n°341 fray laurencio torres;esc.;n°341;fray laurencio torres;fray;laurencio;torres;;;;;;;;;;;;
jardin de infantes n°13 rosa vera barros;jardin de infantes;n°13;rosa vera barros;rosa;vera;barros;;;;;;;;;;;;
instituto privado juan enrique pestalozzi;instituto;;privado juan enrique pestalozzi;privado;juan;enrique;pestalozzi;;;;;;;;;;;
esc.n°055 jose santiago pioli;esc.;n°055;jose santiago pioli;jose;santiago;pioli;;;;;;;;;;;;
esc.n°032 caudillos riojanos;esc.;n°032;caudillos riojanos;caudillos;riojanos;;;;;;;;;;;;;
esc.n°396 caudillos riojanos;esc.;n°396;caudillos riojanos;caudillos;riojanos;;;;;;;;;;;;;
esc.n°017 la rioja española;esc.;n°017;la rioja española;la;rioja;española;;;;;;;;;;;;
jardin de infantes n°21 myriam hayquell de andres;jardin de infantes;n°21;myriam hayquell de andres;myriam;hayquell;de;andres;;;;;;;;;;;
jardin de infantes n°05 sara de eccleston;jardin de infantes;n°05;sara de eccleston;sara;de;eccleston;;;;;;;;;;;;
esc.n°108;esc.;n°108;;;;;;;;;;;;;;;;
i.s.f.d. de ciencias sociales/de hist0ria;;;i.s.f.d. de ciencias sociales/de hist0ria;i.s.f.d.;de;ciencias;sociales/de;hist0ria;;;;;;;;;;
esc.n°204;esc.;n°204;;;;;;;;;;;;;;;;
esc.n°235 luis papinutti;esc.;n°235;luis papinutti;luis;papinutti;;;;;;;;;;;;;
esc.n°200;esc.;n°200;;;;;;;;;;;;;;;;
esc.n°066 mtro.antonio osvaldo vega;esc.;n°066;mtro.antonio osvaldo vega;mtro.antonio;osvaldo;vega;;;;;;;;;;;;
esc.n°159 escuadron 24 gendarmeria nacional;esc.;n°159;adron 24 gendarmeria nacional;adron;24;gendarmeria;nacional;;;;;;;;;;;
esc.n°063 maestro guillermo e.rios;esc.;n°063;maestro guillermo e.rios;maestro;guillermo;e.rios;;;;;;;;;;;;
instituto privado jose m.estrada;instituto;;privado jose m.estrada;privado;jose;m.estrada;;;;;;;;;;;;
instituto privado jose m.estrada (esc.n°44 filomena de gondolo);instituto;n°44;privado jose m.estrada ( filomena de gondolo);privado;jose;m.estrada;(;filomena;de;gondolo);;;;;;;;
colegio parroquial jose m.estrada (esc. n°63);colegio;n°63;parroquial jose m.estrada ( );parroquial;jose;m.estrada;(;);;;;;;;;;;
j.i.n. n°8;;n°8;j.i.n.;j.i.n.;;;;;;;;;;;;;;
j.i.n. n°8 extension 01;;n°8;j.i.n.  extension 01;j.i.n.;;extension;01;;;;;;;;;;;
j.i.n. n°8 extension 02;;n°8;j.i.n.  extension 02;j.i.n.;;extension;02;;;;;;;;;;;
j.i.n. n°8 extension 03;;n°8;j.i.n.  extension 03;j.i.n.;;extension;03;;;;;;;;;;;
j.i.n. n°8 extension 04;;n°8;j.i.n.  extension 04;j.i.n.;;extension;04;;;;;;;;;;;
j.i.n. n°8 extension 05;;n°8;j.i.n.  extension 05;j.i.n.;;extension;05;;;;;;;;;;;
esc.n°024 provincia del neuquenj.c.;esc.;n°024;provincia del neuquenj.c.;provincia;del;neuquenj.c.;;;;;;;;;;;;
i.s.f.d. de los robles;;;i.s.f.d. de los robles;i.s.f.d.;de;los;robles;;;;;;;;;;;
escuela especial n°003;escuela;n°003;especial;especial;;;;;;;;;;;;;;
centro educativo para jovenes y adultos(ex.bach.p/adulto);;;centro educativo para jovenes y adultos(ex.bach.p/adulto);centro;educativo;para;jovenes;y;adultos(ex.bach.p/adulto);;;;;;;;;
esc.n°142;esc.;n°142;;;;;;;;;;;;;;;;
esc.n°033 dr.pedro ignacio de castro barros;esc.;n°033;dr.pedro ignacio de castro barros;dr.pedro;ignacio;de;castro;barros;;;;;;;;;;
esc.n°141 ricardo rojas;esc.;n°141;ricardo rojas;ricardo;rojas;;;;;;;;;;;;;
esc.n°233;esc.;n°233;;;;;;;;;;;;;;;;
colegio provincial de villa mazan;colegio;;provincial de villa mazan;provincial;de;villa;mazan;;;;;;;;;;;
esc.n°036 armada argentina;esc.;n°036;armada argentina;armada;argentina;;;;;;;;;;;;;
esc.n°007 ramon agapito lujan;esc.;n°007;ramon agapito lujan;ramon;agapito;lujan;;;;;;;;;;;;
escuela provincial de comercio famatina;escuela;;provincial de comercio famatina;provincial;de;comercio;famatina;;;;;;;;;;;
esc.n°004 provincia de cordobaj.c.;esc.;n°004;provincia de cordobaj.c.;provincia;de;cordobaj.c.;;;;;;;;;;;;
esc.n°005 director miguel robador;esc.;n°005;director miguel robador;director;miguel;robador;;;;;;;;;;;;
i.s.f.d. madre teresa de calcuta;;;i.s.f.d. madre teresa de calcuta;i.s.f.d.;madre;teresa;de;calcuta;;;;;;;;;;
esc.n°137 virgen del rosario de san nicolas;esc.;n°137;virgen del rosario de san nicolas;virgen;del;rosario;de;san;nicolas;;;;;;;;;
esc.n°057 bernardino rivadaviaj.c.;esc.;n°057;bernardino rivadaviaj.c.;bernardino;rivadaviaj.c.;;;;;;;;;;;;;
esc.n°023 victor armando ledesma;esc.;n°023;victor armando ledesma;victor;armando;ledesma;;;;;;;;;;;;
escuela provincial agropecuaria de nivel medio;escuela;;provincial agropecuaria de nivel medio;provincial;agropecuaria;de;nivel;medio;;;;;;;;;;
j.i.n. n°7 carlos menem hijo;;n°7;j.i.n.  carlos menem hijo;j.i.n.;;carlos;menem;hijo;;;;;;;;;;
j.i.n. n°7 extension 01 pedro i.de castro barros;;n°7;j.i.n.  extension 01 pedro i.de castro barros;j.i.n.;;extension;01;pedro;i.de;castro;barros;;;;;;;
j.i.n. n°7 extension 02 rosario vera peñaloza;;n°7;j.i.n.  extension 02 rosario vera peñaloza;j.i.n.;;extension;02;rosario;vera;peñaloza;;;;;;;;
j.i.n. n°7 extension o3 dolores de la vega de calderon;;n°7;j.i.n.  extension o3 dolores de la vega de calderon;j.i.n.;;extension;o3;dolores;de;la;vega;de;calderon;;;;;
esc.n°256 gregoria matorras de san martin;esc.;n°256;gregoria matorras de san martin;gregoria;matorras;de;san;martin;;;;;;;;;;
escuela provincial agrotecnica de aimogasta;escuela;;provincial agrotecnica de aimogasta;provincial;agrotecnica;de;aimogasta;;;;;;;;;;;
colegio provincial san jose de las campanas;colegio;;provincial san jose de las campanas;provincial;san;jose;de;las;campanas;;;;;;;;;
esc.n°065 sra.ylda m.de robles jornada completa e.m.e.r.;esc.;n°065;sra.ylda m.de robles jornada completa e.m.e.r.;sra.ylda;m.de;robles;jornada;completa;e.m.e.r.;;;;;;;;;
colegio provincial de pituil;colegio;;provincial de pituil;provincial;de;pituil;;;;;;;;;;;;
colegio provincial de pituil - anexo santa cruz;colegio;;provincial de pituil - anexo santa cruz;provincial;de;pituil;-;anexo;santa;cruz;;;;;;;;
escuela provincial agropecuaria wolf schcolnik;escuela;;provincial agropecuaria wolf schcolnik;provincial;agropecuaria;wolf;schcolnik;;;;;;;;;;;
escuela n° 62 soberanía argentinajornada completa;escuela;;n° 62 soberanía argentinajornada completa;n°;62;soberanía;argentinajornada;completa;;;;;;;;;;
i.s.f.d. de famatina;;;i.s.f.d. de famatina;i.s.f.d.;de;famatina;;;;;;;;;;;;
esc.n°047 ejercito argentino;esc.;n°047;ejercito argentino;ejercito;argentino;;;;;;;;;;;;;
esc.n°122 leopoldo caamaño;esc.;n°122;leopoldo caamaño;leopoldo;caamaño;;;;;;;;;;;;;
esc.n°019 domingo matheuj.c.;esc.;n°019;domingo matheuj.c.;domingo;matheuj.c.;;;;;;;;;;;;;
esc.n°103 coronel nicolas barrosj.c.;esc.;n°103;coronel nicolas barrosj.c.;coronel;nicolas;barrosj.c.;;;;;;;;;;;;
colegio provincial pbro. virgilio c. ferreyra;colegio;;provincial pbro. virgilio c. ferreyra;provincial;pbro.;virgilio;c.;ferreyra;;;;;;;;;;
esc.n°270 belindo de la fuentej.c.;esc.;n°270;belindo de la fuentej.c.;belindo;de;la;fuentej.c.;;;;;;;;;;;
escuela especial n°006 niño alcalde;escuela;n°006;especial  niño alcalde;especial;;niño;alcalde;;;;;;;;;;;
esc.n°067 dominga esther funes;esc.;n°067;dominga esther funes;dominga;esther;funes;;;;;;;;;;;;
esc.n°064 justo jose de urquizaj.c.;esc.;n°064;justo jose de urquizaj.c.;justo;jose;de;urquizaj.c.;;;;;;;;;;;
esc.n°044 filomena navarro de gondoloj.c.;esc.;n°044;filomena navarro de gondoloj.c.;filomena;navarro;de;gondoloj.c.;;;;;;;;;;;
esc.n°277 flaviano de la colinaj.c.;esc.;n°277;flaviano de la colinaj.c.;flaviano;de;la;colinaj.c.;;;;;;;;;;;
esc.n°118 el retiro;esc.;n°118;el retiro;el;retiro;;;;;;;;;;;;;
centro educativo de nivel secundario (c.e.n.s) n°326;;n°326;centro educativo de nivel secundario (c.e.n.s);centro;educativo;de;nivel;secundario;(c.e.n.s);;;;;;;;;
jardin de infantes n°17 eugenia tos de aciar;jardin de infantes;n°17;eugenia tos de aciar;eugenia;tos;de;aciar;;;;;;;;;;;
colegio secundario pcial n°4(ex-centro educ.pcial.n°1);colegio;n°4;secundario pcial (ex-centro educ.pcial.);secundario;pcial;(ex-centro;educ.pcial.);;;;;;;;;;;
esc.n°039 timoteo gordillo;esc.;n°039;timoteo gordillo;timoteo;gordillo;;;;;;;;;;;;;
jardin de infantes n°37 prof.paola a.gaitan;jardin de infantes;n°37;prof.paola a.gaitan;prof.paola;a.gaitan;;;;;;;;;;;;;
colegio secundario profeta y martir monseñor enrique angelelli;colegio;;secundario profeta y martir monseñor enrique angelelli;secundario;profeta;y;martir;monseñor;enrique;angelelli;;;;;;;;
esc.n°021 fronteras argentinas;esc.;n°021;fronteras argentinas;fronteras;argentinas;;;;;;;;;;;;;
esc.n°071 directora andrea paez orquera;esc.;n°071;directora andrea paez orquera;directora;andrea;paez;orquera;;;;;;;;;;;
esc.n°343 policia federal argentina;esc.;n°343;policia federal argentina;policia;federal;argentina;;;;;;;;;;;;
esc.n°231 maestro ramon eloy lopez;esc.;n°231;maestro ramon eloy lopez;maestro;ramon;eloy;lopez;;;;;;;;;;;
esc.n°160 felipe leonardo davila;esc.;n°160;felipe leonardo davila;felipe;leonardo;davila;;;;;;;;;;;;
esc.n°135 jose armando quiroga soaje;esc.;n°135;jose armando quiroga soaje;jose;armando;quiroga;soaje;;;;;;;;;;;
c.e.j.a. centro educativo de jovenes y adultos;;;c.e.j.a. centro educativo de jovenes y adultos;c.e.j.a.;centro;educativo;de;jovenes;y;adultos;;;;;;;;
centro educativo aicuña(ex-esc.n°068arsenio salinas);esc.;n°068;centro educativo aicuña(ex-arsenio salinas);centro;educativo;aicuña(ex-arsenio;salinas);;;;;;;;;;;
esc.n°069 director geronimo flores;esc.;n°069;director geronimo flores;director;geronimo;flores;;;;;;;;;;;;
esc.n°284 fray luis beltran;esc.;n°284;fray luis beltran;fray;luis;beltran;;;;;;;;;;;;
esc.n°324 granadero vargas;esc.;n°324;granadero vargas;granadero;vargas;;;;;;;;;;;;;
esc.n°209 club argentino de servicios;esc.;n°209;club argentino de servicios;club;argentino;de;servicios;;;;;;;;;;;
esc.n°278 miguel estanislao soler;esc.;n°278;miguel estanislao soler;miguel;estanislao;soler;;;;;;;;;;;;
esc.n°261 9 de julio;esc.;n°261;9 de julio;9;de;julio;;;;;;;;;;;;
colegio secundario provincial de anguinan;colegio;;secundario provincial de anguinan;secundario;provincial;de;anguinan;;;;;;;;;;;
colegio secundario provincial de anguinan (esc.n°345);colegio;n°345;secundario provincial de anguinan ();secundario;provincial;de;anguinan;();;;;;;;;;;
colegio secundario provincial de anguinan (esc.n°123 enzo a. cordoba);colegio;n°123;secundario provincial de anguinan ( enzo a. cordoba);secundario;provincial;de;anguinan;(;enzo;a.;cordoba);;;;;;;
esc.n°003 joaquin v.gonzalez;esc.;n°003;joaquin v.gonzalez;joaquin;v.gonzalez;;;;;;;;;;;;;
escuela provincial de comercio de nonogasta;escuela;;provincial de comercio de nonogasta;provincial;de;comercio;de;nonogasta;;;;;;;;;;
escuela especial n°375 soy feliz;escuela;n°375;especial  soy feliz;especial;;soy;feliz;;;;;;;;;;;
i.s.f.d. dra.carolina tobar garcia;;;i.s.f.d. dra.carolina tobar garcia;i.s.f.d.;dra.carolina;tobar;garcia;;;;;;;;;;;
jardin de infantes n°06 rosario v.peñaloza;jardin de infantes;n°06;rosario v.peñaloza;rosario;v.peñaloza;;;;;;;;;;;;;
esc.n°263 parroquial pio xii;esc.;n°263;parroquial pio xii;parroquial;pio;xii;;;;;;;;;;;;
esc.operadores topografos general san martin;esc.;;operadores topografos general san martin;operadores;topografos;general;san;martin;;;;;;;;;;
e.p.e.t. n°1;;n°1;e.p.e.t.;e.p.e.t.;;;;;;;;;;;;;;
i.s.f.d. en educacion fisica ricardo n.viñas;;;i.s.f.d. en educacion fisica ricardo n.viñas;i.s.f.d.;en;educacion;fisica;ricardo;n.viñas;;;;;;;;;
esc.n°037 provincia de santa fe;esc.;n°037;provincia de santa fe;provincia;de;santa;fe;;;;;;;;;;;
esc.n°397 mercedita de san martin;esc.;n°397;mercedita de san martin;mercedita;de;san;martin;;;;;;;;;;;
centro educativo de nivel secundario (c.e.n.s.)n°187;;n°187;centro educativo de nivel secundario (c.e.n.s.);centro;educativo;de;nivel;secundario;(c.e.n.s.);;;;;;;;;
esc.n°392 privada bilingue dante alighieri;esc.;n°392;privada bilingue dante alighieri;privada;bilingue;dante;alighieri;;;;;;;;;;;
esc.n°127 capital federal;esc.;n°127;capital federal;capital;federal;;;;;;;;;;;;;
jardin de infantes n°04 ovidio decroly;jardin de infantes;n°04;ovidio decroly;ovidio;decroly;;;;;;;;;;;;;
esc.n°254 sagrado corazon de jesus;esc.;n°254;sagrado corazon de jesus;sagrado;corazon;de;jesus;;;;;;;;;;;
esc.provincial de comercio n°2 inspector carlos a. lanzillot;esc.;n°2;provincial de comercio  inspector carlos a. lanzillot;provincial;de;comercio;;inspector;carlos;a.;lanzillot;;;;;;;
esc.provincial de comercio brigadier gral j.f.quiroga;esc.;;provincial de comercio brigadier gral j.f.quiroga;provincial;de;comercio;brigadier;gral;j.f.quiroga;;;;;;;;;
colegio provincial rosario v.peñaloza;colegio;;provincial rosario v.peñaloza;provincial;rosario;v.peñaloza;;;;;;;;;;;;
colegio provincial rosario v.peñaloza (esc.n°135 jose a. quiroga soaje);colegio;n°135;provincial rosario v.peñaloza ( jose a. quiroga soaje);provincial;rosario;v.peñaloza;(;jose;a.;quiroga;soaje);;;;;;;
esc.n°125 rosario vera peñaloza;esc.;n°125;rosario vera peñaloza;rosario;vera;peñaloza;;;;;;;;;;;;
i.s.f.d. dr.eusebio n.paez;;;i.s.f.d. dr.eusebio n.paez;i.s.f.d.;dr.eusebio;n.paez;;;;;;;;;;;;
esc.n°352 guillermo paez;esc.;n°352;guillermo paez;guillermo;paez;;;;;;;;;;;;;
jardin de infantes n°19 rosarito;jardin de infantes;n°19;rosarito;rosarito;;;;;;;;;;;;;;
esc.n°018 alicia carrizo;esc.;n°018;alicia carrizo;alicia;carrizo;;;;;;;;;;;;;
escuela especial n°379 amor y esperanza;escuela;n°379;especial  amor y esperanza;especial;;amor;y;esperanza;;;;;;;;;;
esc.n°259 nicolas davila;esc.;n°259;nicolas davila;nicolas;davila;;;;;;;;;;;;;
esc.n°260 juan ramirez de velasco;esc.;n°260;juan ramirez de velasco;juan;ramirez;de;velasco;;;;;;;;;;;
esc.normal superior dr.pedro ignacio de castro barros(nivel secundario);esc.;;normal superior dr.pedro ignacio de castro barros(nivel secundario);normal;superior;dr.pedro;ignacio;de;castro;barros(nivel;secundario);;;;;;;
esc.n°244 francisco telechea;esc.;n°244;francisco telechea;francisco;telechea;;;;;;;;;;;;;
esc.n°243 gdor.benjamin de la vega;esc.;n°243;gdor.benjamin de la vega;gdor.benjamin;de;la;vega;;;;;;;;;;;
escuela especial n°371 maria madre del buen camino;escuela;n°371;especial  maria madre del buen camino;especial;;maria;madre;del;buen;camino;;;;;;;;
esc.n°250 bartolome mitre;esc.;n°250;bartolome mitre;bartolome;mitre;;;;;;;;;;;;;
escuela especial n°389 tinkunaco;escuela;n°389;especial  tinkunaco;especial;;tinkunaco;;;;;;;;;;;;
jardin de infantes n°22 gregoria bravo de soria;jardin de infantes;n°22;gregoria bravo de soria;gregoria;bravo;de;soria;;;;;;;;;;;
esc.n°177 dr.mariano moreno;esc.;n°177;dr.mariano moreno;dr.mariano;moreno;;;;;;;;;;;;;
centro educativo de nivel secundario (c.e.n.s.) 150;;;centro educativo de nivel secundario (c.e.n.s.) 150;centro;educativo;de;nivel;secundario;(c.e.n.s.);150;;;;;;;;
instituto privado manuel belgrano;instituto;;privado manuel belgrano;privado;manuel;belgrano;;;;;;;;;;;;
centro educativo san francisco de asis (ex. escuela 247);escuela;;centro educativo san francisco de asis (ex.  247);centro;educativo;san;francisco;de;asis;(ex.;;247);;;;;;
esc.n°251 ceferino namuncura;esc.;n°251;ceferino namuncura;ceferino;namuncura;;;;;;;;;;;;;
colegio provincial politecnico juan ramirez de velazco;colegio;;provincial politecnico juan ramirez de velazco;provincial;politecnico;juan;ramirez;de;velazco;;;;;;;;;
jardin de infantes n°30 profesora patricia schaller;jardin de infantes;n°30;profesora patricia schaller;profesora;patricia;schaller;;;;;;;;;;;;
e.p.e.t. n°2 brigadier general juan facundo quiroga;;n°2;e.p.e.t.  brigadier general juan facundo quiroga;e.p.e.t.;;brigadier;general;juan;facundo;quiroga;;;;;;;;
esc.n°166 rodolfo n.carmona;esc.;n°166;rodolfo n.carmona;rodolfo;n.carmona;;;;;;;;;;;;;
esc.n°370 maestro fermin morales;esc.;n°370;maestro fermin morales;maestro;fermin;morales;;;;;;;;;;;;
esc.normal superior joaquin v.gonzalez(nivel secundario);esc.;;normal superior joaquin v.gonzalez(nivel secundario);normal;superior;joaquin;v.gonzalez(nivel;secundario);;;;;;;;;;
esc.n°028 humberto alejandro herrera robledo;esc.;n°028;humberto alejandro herrera robledo;humberto;alejandro;herrera;robledo;;;;;;;;;;;
esc.n°070 wolf schcolnik;esc.;n°070;wolf schcolnik;wolf;schcolnik;;;;;;;;;;;;;
esc.n°109 luis camilo scida;esc.;n°109;luis camilo scida;luis;camilo;scida;;;;;;;;;;;;
i.s.f.d. prof.alberto cavero;;;i.s.f.d. prof.alberto cavero;i.s.f.d.;prof.alberto;cavero;;;;;;;;;;;;
e.p.e.t. n°1 gral angel vicente peñaloza;;n°1;e.p.e.t.  gral angel vicente peñaloza;e.p.e.t.;;gral;angel;vicente;peñaloza;;;;;;;;;
esc.n°262 mercedes bustamante de dinklage;esc.;n°262;mercedes bustamante de dinklage;mercedes;bustamante;de;dinklage;;;;;;;;;;;
e.p.e.t. n°2 paula de sarmiento;;n°2;e.p.e.t.  paula de sarmiento;e.p.e.t.;;paula;de;sarmiento;;;;;;;;;;
c.e.j.a. maria duarte de peron;;;c.e.j.a. maria duarte de peron;c.e.j.a.;maria;duarte;de;peron;;;;;;;;;;
esc.n°334 maria luisa davila de larguia;esc.;n°334;maria luisa davila de larguia;maria;luisa;davila;de;larguia;;;;;;;;;;
centro educativo de jovenes y adultos;;;centro educativo de jovenes y adultos;centro;educativo;de;jovenes;y;adultos;;;;;;;;;
colegio secundario provincial enologico de nonogasta;colegio;;secundario provincial enologico de nonogasta;secundario;provincial;enologico;de;nonogasta;;;;;;;;;;
esc.n°194 bartolome mitre;esc.;n°194;bartolome mitre;bartolome;mitre;;;;;;;;;;;;;
esc.n°189 emilio alfredo hunicken;esc.;n°189;emilio alfredo hunicken;emilio;alfredo;hunicken;;;;;;;;;;;;
centro polivalente de arte prof.roberto trasobares;;;centro polivalente de arte prof.roberto trasobares;centro;polivalente;de;arte;prof.roberto;trasobares;;;;;;;;;
esc.n°123 enzo aldo cordoba;esc.;n°123;enzo aldo cordoba;enzo;aldo;cordoba;;;;;;;;;;;;
esc.n°107 juan domingo peron;esc.;n°107;juan domingo peron;juan;domingo;peron;;;;;;;;;;;;
esc.n°378 maria angelica wol;esc.;n°378;maria angelica wol;maria;angelica;wol;;;;;;;;;;;;
esc.n°372 nereo nievas;esc.;n°372;nereo nievas;nereo;nievas;;;;;;;;;;;;;
esc.n°169 universidad nacional de la plata;esc.;n°169;universidad nacional de la plata;universidad;nacional;de;la;plata;;;;;;;;;;
esc.n°001 pablo pizzurno;esc.;n°001;pablo pizzurno;pablo;pizzurno;;;;;;;;;;;;;
esc.n°106 maria de las mercedes lautre de silvano;esc.;n°106;maria de las mercedes lautre de silvano;maria;de;las;mercedes;lautre;de;silvano;;;;;;;;
esc.n°029 provincia de mendoza;esc.;n°029;provincia de mendoza;provincia;de;mendoza;;;;;;;;;;;;
esc.n°179 alejandro de la vega;esc.;n°179;alejandro de la vega;alejandro;de;la;vega;;;;;;;;;;;
esc.n°008 provincia de formosa;esc.;n°008;provincia de formosa;provincia;de;formosa;;;;;;;;;;;;
colegio provincial agrotecnico pte.carlos saul menem;colegio;;provincial agrotecnico pte.carlos saul menem;provincial;agrotecnico;pte.carlos;saul;menem;;;;;;;;;;
centro educativo para jovenes y adultos(ex bachillerato);;;centro educativo para jovenes y adultos(ex bachillerato);centro;educativo;para;jovenes;y;adultos(ex;bachillerato);;;;;;;;
esc.n°072 domingo faustino sarmiento;esc.;n°072;domingo faustino sarmiento;domingo;faustino;sarmiento;;;;;;;;;;;;
esc.n°301 gendarmeria nacionalj.c.;esc.;n°301;gendarmeria nacionalj.c.;gendarmeria;nacionalj.c.;;;;;;;;;;;;;
esc.n°212 casa pintada;esc.;n°212;casa pintada;casa;pintada;;;;;;;;;;;;;
c.e.j.a. centro educativo de jovenes y adultos;;;c.e.j.a. centro educativo de jovenes y adultos;c.e.j.a.;centro;educativo;de;jovenes;y;adultos;;;;;;;;
escuela especial nº002 el salvador;escuela;;especial nº002 el salvador;especial;nº002;el;salvador;;;;;;;;;;;
esc.n°349;esc.;n°349;;;;;;;;;;;;;;;;
esc.n°075 delina elizondo;esc.;n°075;delina elizondo;delina;elizondo;;;;;;;;;;;;;
esc.n°286 gdor.francisco solano gomez;esc.;n°286;gdor.francisco solano gomez;gdor.francisco;solano;gomez;;;;;;;;;;;;
esc.n°031 pablo martin leal;esc.;n°031;pablo martin leal;pablo;martin;leal;;;;;;;;;;;;
esc.n°319 maipu;esc.;n°319;maipu;maipu;;;;;;;;;;;;;;
esc.n°182 gral.san martin;esc.;n°182;gral.san martin;gral.san;martin;;;;;;;;;;;;;
esc.n°300 maestro alilo nuñez;esc.;n°300;maestro alilo nuñez;maestro;alilo;nuñez;;;;;;;;;;;;
esc.n°329;esc.;n°329;;;;;;;;;;;;;;;;
esc.n°306 20 de mayo;esc.;n°306;20 de mayo;20;de;mayo;;;;;;;;;;;;
esc.n°197 cabo princ.julio cesar fuentes;esc.;n°197;cabo princ.julio cesar fuentes;cabo;princ.julio;cesar;fuentes;;;;;;;;;;;
esc.n°217 cabo principal dario vera;esc.;n°217;cabo principal dario vera;cabo;principal;dario;vera;;;;;;;;;;;
esc.n°312 dr.jose e.colombres;esc.;n°312;dr.jose e.colombres;dr.jose;e.colombres;;;;;;;;;;;;;
esc.n°307 vicente almandos almonacid;esc.;n°307;vicente almandos almonacid;vicente;almandos;almonacid;;;;;;;;;;;;
instituto privado dr.pedro i.de castro barros;instituto;;privado dr.pedro i.de castro barros;privado;dr.pedro;i.de;castro;barros;;;;;;;;;;
instituto privado dr.pedro i.de castro barros (esc.n°153);instituto;n°153;privado dr.pedro i.de castro barros ();privado;dr.pedro;i.de;castro;barros;();;;;;;;;;
instituto privado dr.pedro i.de castro barros (esc.n°172);instituto;n°172;privado dr.pedro i.de castro barros ();privado;dr.pedro;i.de;castro;barros;();;;;;;;;;
instituto privado dr.pedro i.de castro barros (esc.n°92);instituto;n°92;privado dr.pedro i.de castro barros ();privado;dr.pedro;i.de;castro;barros;();;;;;;;;;
instituto privado dr.pedro i.de castro barros (esc.n°214);instituto;n°214;privado dr.pedro i.de castro barros ();privado;dr.pedro;i.de;castro;barros;();;;;;;;;;
esc.n°092 manuel de la cruz pizarro;esc.;n°092;manuel de la cruz pizarro;manuel;de;la;cruz;pizarro;;;;;;;;;;
esc.n°153 domingo orona;esc.;n°153;domingo orona;domingo;orona;;;;;;;;;;;;;
esc.n°154 mateo jorge gomez;esc.;n°154;mateo jorge gomez;mateo;jorge;gomez;;;;;;;;;;;;
esc.n°026;esc.;n°026;;;;;;;;;;;;;;;;
esc.n°325 fray justo santa maria de oro;esc.;n°325;fray justo santa maria de oro;fray;justo;santa;maria;de;oro;;;;;;;;;
esc.n°043;esc.;n°043;;;;;;;;;;;;;;;;
esc.n°381 antonio gonzalez balcarce;esc.;n°381;antonio gonzalez balcarce;antonio;gonzalez;balcarce;;;;;;;;;;;;
esc.n°134 maestro narciso alberto chacho leal;esc.;n°134;maestro narciso alberto chacho leal;maestro;narciso;alberto;chacho;leal;;;;;;;;;;
esc.n°048;esc.;n°048;;;;;;;;;;;;;;;;
esc.n°076 provincia de la rioja;esc.;n°076;provincia de la rioja;provincia;de;la;rioja;;;;;;;;;;;
esc.n°236;esc.;n°236;;;;;;;;;;;;;;;;
esc.n°348;esc.;n°348;;;;;;;;;;;;;;;;
esc.n°210 ramon anibal olivera;esc.;n°210;ramon anibal olivera;ramon;anibal;olivera;;;;;;;;;;;;
esc.n°147 clotilde mercado;esc.;n°147;clotilde mercado;clotilde;mercado;;;;;;;;;;;;;
esc.n°214 pedro celestino robador;esc.;n°214;pedro celestino robador;pedro;celestino;robador;;;;;;;;;;;;
esc.n°387;esc.;n°387;;;;;;;;;;;;;;;;
esc.n°077;esc.;n°077;;;;;;;;;;;;;;;;
esc.n°155 prebistero antonio conrrero;esc.;n°155;prebistero antonio conrrero;prebistero;antonio;conrrero;;;;;;;;;;;;
esc.n°022 juan facundo sotomayor;esc.;n°022;juan facundo sotomayor;juan;facundo;sotomayor;;;;;;;;;;;;
esc.n°289;esc.;n°289;;;;;;;;;;;;;;;;
esc.n°041 bernardino rivadavia;esc.;n°041;bernardino rivadavia;bernardino;rivadavia;;;;;;;;;;;;;
instituto privado pbro.luis torres molina;instituto;;privado pbro.luis torres molina;privado;pbro.luis;torres;molina;;;;;;;;;;;
escuela provincial de comercio general belgrano;escuela;;provincial de comercio general belgrano;provincial;de;comercio;general;belgrano;;;;;;;;;;
esc.tecnica n°1monseñor enrique angelelli;esc.;n°1;tecnica monseñor enrique angelelli;tecnica;monseñor;enrique;angelelli;;;;;;;;;;;
jardin de infantes n°07 alitas argentinas;jardin de infantes;n°07;alitas argentinas;alitas;argentinas;;;;;;;;;;;;;
escuela polivalente de arte padre martin horacio gomez;escuela;;polivalente de arte padre martin horacio gomez;polivalente;de;arte;padre;martin;horacio;gomez;;;;;;;;
esc.n°136 nicolasa vera luna de vera;esc.;n°136;nicolasa vera luna de vera;nicolasa;vera;luna;de;vera;;;;;;;;;;
esc.n°258 rosario vera peñaloza;esc.;n°258;rosario vera peñaloza;rosario;vera;peñaloza;;;;;;;;;;;;
esc.n°012 maestro francisco torres molina;esc.;n°012;maestro francisco torres molina;maestro;francisco;torres;molina;;;;;;;;;;;
esc.n°014 justo jose de urquiza;esc.;n°014;justo jose de urquiza;justo;jose;de;urquiza;;;;;;;;;;;
jardin de infantes n°11 28 de mayo;jardin de infantes;n°11;28 de mayo;28;de;mayo;;;;;;;;;;;;
esc.n°266 nocturnadomingo f.sarmiento;esc.;n°266;nocturnadomingo f.sarmiento;nocturnadomingo;f.sarmiento;;;;;;;;;;;;;
esc.n°170 gral.martin miguel de guemes;esc.;n°170;gral.martin miguel de guemes;gral.martin;miguel;de;guemes;;;;;;;;;;;
esc.n°345;esc.;n°345;;;;;;;;;;;;;;;;
esc.n°002 timoteo gordillo;esc.;n°002;timoteo gordillo;timoteo;gordillo;;;;;;;;;;;;;
colegio provincial gobernador guillermo iribarren;colegio;;provincial gobernador guillermo iribarren;provincial;gobernador;guillermo;iribarren;;;;;;;;;;;
instituto privado san pablo;instituto;;privado san pablo;privado;san;pablo;;;;;;;;;;;;
colegio provincial jose manuel estrada;colegio;;provincial jose manuel estrada;provincial;jose;manuel;estrada;;;;;;;;;;;
esc.n°188;esc.;n°188;;;;;;;;;;;;;;;;
esc.n°129 municipalidad de la ciudad de buenos aires;esc.;n°129;municipalidad de la ciudad de buenos aires;municipalidad;de;la;ciudad;de;buenos;aires;;;;;;;;
i.s.f.d. de sañogasta;;;i.s.f.d. de sañogasta;i.s.f.d.;de;sañogasta;;;;;;;;;;;;
i.s.f.t. de nonogasta;;;i.s.f.t. de nonogasta;i.s.f.t.;de;nonogasta;;;;;;;;;;;;
esc.n°006 sargento juan bautista cabral;esc.;n°006;sargento juan bautista cabral;sargento;juan;bautista;cabral;;;;;;;;;;;
colegio provincial de vinchina;colegio;;provincial de vinchina;provincial;de;vinchina;;;;;;;;;;;;
esc.profesional mixta;esc.;;profesional mixta;profesional;mixta;;;;;;;;;;;;;
i.s.f.d. de vinchina;;;i.s.f.d. de vinchina;i.s.f.d.;de;vinchina;;;;;;;;;;;;
esc.n°073 vicente calderonj.c.;esc.;n°073;vicente calderonj.c.;vicente;calderonj.c.;;;;;;;;;;;;;
esc.n°074 provincia santiago del estero;esc.;n°074;provincia santiago del estero;provincia;santiago;del;estero;;;;;;;;;;;
esc.n°009 hipolito irigoyen;esc.;n°009;hipolito irigoyen;hipolito;irigoyen;;;;;;;;;;;;;
i.s.f.d. prof.victor quintero en geografia;;;i.s.f.d. prof.victor quintero en geografia;i.s.f.d.;prof.victor;quintero;en;geografia;;;;;;;;;;
esc.n°110 provincia del chaco;esc.;n°110;provincia del chaco;provincia;del;chaco;;;;;;;;;;;;
esc.tecnico agropecuaria-e.m.e.t.a.;esc.;;tecnico agropecuaria-e.m.e.t.a.;tecnico;agropecuaria-e.m.e.t.a.;;;;;;;;;;;;;
esc.tecnico agropecuaria-e.m.e.t.a. (esc.n°319 maipu);esc.;n°319;tecnico agropecuaria-e.m.e.t.a. ( maipu);tecnico;agropecuaria-e.m.e.t.a.;(;maipu);;;;;;;;;;;
esc.tecnico agropecuaria-e.m.e.t.a. (esc.n°182 gral.san martin);esc.;n°182;tecnico agropecuaria-e.m.e.t.a. ( gral.san martin);tecnico;agropecuaria-e.m.e.t.a.;(;gral.san;martin);;;;;;;;;;
esc.tecnico agropecuaria-e.m.e.t.a (esc.n°300 maestro alilonuñez);esc.;n°300;tecnico agropecuaria-e.m.e.t.a ( maestro alilonuñez);tecnico;agropecuaria-e.m.e.t.a;(;maestro;alilonuñez);;;;;;;;;;
esc.tecnico agropecuaria-e.m.e.t.a (esc.n°076 provincia de la rioja);esc.;n°076;tecnico agropecuaria-e.m.e.t.a ( provincia de la rioja);tecnico;agropecuaria-e.m.e.t.a;(;provincia;de;la;rioja);;;;;;;;
esc.tecnico agropecuaria-e.m.e.t.a. (esc. n°306 20 de mayo;esc.;n°306;tecnico agropecuaria-e.m.e.t.a. (  20 de mayo;tecnico;agropecuaria-e.m.e.t.a.;(;;20;de;mayo;;;;;;;;
esc.n°151 provincia de corrientes (de jornada completa);esc.;n°151;provincia de corrientes (de jornada completa);provincia;de;corrientes;(de;jornada;completa);;;;;;;;;
i.s.f.d. prof.teresa lucrecia cavero;;;i.s.f.d. prof.teresa lucrecia cavero;i.s.f.d.;prof.teresa;lucrecia;cavero;;;;;;;;;;;
esc.n°294 jose darragueira;esc.;n°294;jose darragueira;jose;darragueira;;;;;;;;;;;;;
i.s.f.d. prof.maria estela barrera de artaza;;;i.s.f.d. prof.maria estela barrera de artaza;i.s.f.d.;prof.maria;estela;barrera;de;artaza;;;;;;;;;
esc.n°320 hipolito irigoyen;esc.;n°320;hipolito irigoyen;hipolito;irigoyen;;;;;;;;;;;;;
esc.n°344 fernando godoy;esc.;n°344;fernando godoy;fernando;godoy;;;;;;;;;;;;;
esc.n°172;esc.;n°172;;;;;;;;;;;;;;;;
esc.n°121;esc.;n°121;;;;;;;;;;;;;;;;
esc.n°228;esc.;n°228;;;;;;;;;;;;;;;;
esc.n°317 juan agustin maza;esc.;n°317;juan agustin maza;juan;agustin;maza;;;;;;;;;;;;
esc.n°150;esc.;n°150;;;;;;;;;;;;;;;;
esc.n°187 el cadillo;esc.;n°187;el cadillo;el;cadillo;;;;;;;;;;;;;
esc.n°272 vicente lopez;esc.;n°272;vicente lopez;vicente;lopez;;;;;;;;;;;;;
nucleo esc.n°205(esc.n°205,esc.n°303 y esc.n°355);esc.;n°205;nucleo (, y );nucleo;(,;y;);;;;;;;;;;;
esc.n°356 yapeyu;esc.;n°356;yapeyu;yapeyu;;;;;;;;;;;;;;
esc.n°042 santisima virgen del rosario;esc.;n°042;santisima virgen del rosario;santisima;virgen;del;rosario;;;;;;;;;;;
esc.n°046 maria mercedes couceiro;esc.;n°046;maria mercedes couceiro;maria;mercedes;couceiro;;;;;;;;;;;;
esc.n°112 delia duran de gatica;esc.;n°112;delia duran de gatica;delia;duran;de;gatica;;;;;;;;;;;
esc.n°226 manuel teófilo ibañez;esc.;n°226;manuel teófilo ibañez;manuel;teófilo;ibañez;;;;;;;;;;;;
esc.n°165 petrona rosa ibañez;esc.;n°165;petrona rosa ibañez;petrona;rosa;ibañez;;;;;;;;;;;;
esc.n°119 tte.pedro e.aramburu;esc.;n°119;tte.pedro e.aramburu;tte.pedro;e.aramburu;;;;;;;;;;;;;
esc.n°279 niñas de ayohuma;esc.;n°279;niñas de ayohuma;niñas;de;ayohuma;;;;;;;;;;;;
esc.n°078;esc.;n°078;;;;;;;;;;;;;;;;
esc.n°335;esc.;n°335;;;;;;;;;;;;;;;;
esc.n°368 angela del rosario diaz de gordillo;esc.;n°368;angela del rosario diaz de gordillo;angela;del;rosario;diaz;de;gordillo;;;;;;;;;
esc.n°296 fray cayetano rodriguez;esc.;n°296;fray cayetano rodriguez;fray;cayetano;rodriguez;;;;;;;;;;;;
esc.n°193 juan ramon carrizo;esc.;n°193;juan ramon carrizo;juan;ramon;carrizo;;;;;;;;;;;;
esc.n°020 azucena de las mercedes bazan de aquines;esc.;n°020;azucena de las mercedes bazan de aquines;azucena;de;las;mercedes;bazan;de;aquines;;;;;;;;
esc.n°376 maria antonieta noriega de ledo;esc.;n°376;maria antonieta noriega de ledo;maria;antonieta;noriega;de;ledo;;;;;;;;;;
esc.n°366;esc.;n°366;;;;;;;;;;;;;;;;
esc.n°346 gral.angel vicente peñaloza;esc.;n°346;gral.angel vicente peñaloza;gral.angel;vicente;peñaloza;;;;;;;;;;;;
esc.n°391;esc.;n°391;;;;;;;;;;;;;;;;
esc.n°168 de jornada completa con orientacion laboral dr. alberto paredes urquiza;esc.;n°168;de jornada completa con orientacion laboral dr. alberto paredes urquiza;de;jornada;completa;con;orientacion;laboral;dr.;alberto;paredes;urquiza;;;;;
esc.n°171 san nicolas de bari;esc.;n°171;san nicolas de bari;san;nicolas;de;bari;;;;;;;;;;;
escuela n°311 doctor manuel antonio acevedo;escuela;n°311;doctor manuel antonio acevedo;doctor;manuel;antonio;acevedo;;;;;;;;;;;
esc.n°318 chacho peñaloza;esc.;n°318;chacho peñaloza;chacho;peñaloza;;;;;;;;;;;;;
esc.n°149 ing.juan melis;esc.;n°149;ing.juan melis;ing.juan;melis;;;;;;;;;;;;;
j.i.n. n°3;;n°3;j.i.n.;j.i.n.;;;;;;;;;;;;;;
j.i.n. n°3 extension 01(aguayo);;n°3;j.i.n.  extension 01(aguayo);j.i.n.;;extension;01(aguayo);;;;;;;;;;;
j.i.n. n°3 extension 02;;n°3;j.i.n.  extension 02;j.i.n.;;extension;02;;;;;;;;;;;
j.i.n. n°3 extension 03;;n°3;j.i.n.  extension 03;j.i.n.;;extension;03;;;;;;;;;;;
j.i.n. n°3 extension 04;;n°3;j.i.n.  extension 04;j.i.n.;;extension;04;;;;;;;;;;;
j.i.n. n°3 extension 05;;n°3;j.i.n.  extension 05;j.i.n.;;extension;05;;;;;;;;;;;
j.i.n. nº3 extension 06;;;j.i.n. nº3 extension 06;j.i.n.;nº3;extension;06;;;;;;;;;;;
j.i.n. n°3 extension 07;;n°3;j.i.n.  extension 07;j.i.n.;;extension;07;;;;;;;;;;;
j.i.n. n°3 extension 08;;n°3;j.i.n.  extension 08;j.i.n.;;extension;08;;;;;;;;;;;
j.i.n. n°3 extension 09;;n°3;j.i.n.  extension 09;j.i.n.;;extension;09;;;;;;;;;;;
esc.n°357;esc.;n°357;;;;;;;;;;;;;;;;
esc.n°374;esc.;n°374;;;;;;;;;;;;;;;;
esc.n°148 francisca ceballos de azcurra;esc.;n°148;francisca ceballos de azcurra;francisca;ceballos;de;azcurra;;;;;;;;;;;
esc.n°116 hortencia olivera de mercado;esc.;n°116;hortencia olivera de mercado;hortencia;olivera;de;mercado;;;;;;;;;;;
esc.n°229;esc.;n°229;;;;;;;;;;;;;;;;
esc.n°283 damas mendocinas;esc.;n°283;damas mendocinas;damas;mendocinas;;;;;;;;;;;;;
esc.n°094 eduardo de la fuente;esc.;n°094;eduardo de la fuente;eduardo;de;la;fuente;;;;;;;;;;;
esc.n°390;esc.;n°390;;;;;;;;;;;;;;;;
esc.n°216;esc.;n°216;;;;;;;;;;;;;;;;
esc.n°213;esc.;n°213;;;;;;;;;;;;;;;;
esc.n°096 17 de agosto de 1850;esc.;n°096;17 de agosto de 1850;17;de;agosto;de;1850;;;;;;;;;;
esc.agrotecnica virgen de la merced;esc.;;agrotecnica virgen de la merced;agrotecnica;virgen;de;la;merced;;;;;;;;;;
esc.agrotecnica virgen de la merced (esc.n°094 e.de la fuente);esc.;n°094;agrotecnica virgen de la merced ( e.de la fuente);agrotecnica;virgen;de;la;merced;(;e.de;la;fuente);;;;;;
esc.agrotecnica virgen de la merced (esc.n°226 manuel t. ibañez);esc.;n°226;agrotecnica virgen de la merced ( manuel t. ibañez);agrotecnica;virgen;de;la;merced;(;manuel;t.;ibañez);;;;;;
esc.agrotecnica virgen de la merced (esc.n°148 f.c.de azcurra);esc.;n°148;agrotecnica virgen de la merced ( f.c.de azcurra);agrotecnica;virgen;de;la;merced;(;f.c.de;azcurra);;;;;;;
esc.n°180 elva angela aguilar de aguilar;esc.;n°180;elva angela aguilar de aguilar;elva;angela;aguilar;de;aguilar;;;;;;;;;;
esc.n°099 maestro angel manuel granillo;esc.;n°099;maestro angel manuel granillo;maestro;angel;manuel;granillo;;;;;;;;;;;
esc.n°097 nelly cabral de aguilar;esc.;n°097;nelly cabral de aguilar;nelly;cabral;de;aguilar;;;;;;;;;;;
esc.n°173;esc.;n°173;;;;;;;;;;;;;;;;
esc.n°098;esc.;n°098;;;;;;;;;;;;;;;;
esc.n°115 maria teresita azcurra;esc.;n°115;maria teresita azcurra;maria;teresita;azcurra;;;;;;;;;;;;
esc.n°227;esc.;n°227;;;;;;;;;;;;;;;;
esc.n°131;esc.;n°131;;;;;;;;;;;;;;;;
esc.n°163 maria mercedes achaval de godoy;esc.;n°163;maria mercedes achaval de godoy;maria;mercedes;achaval;de;godoy;;;;;;;;;;
esc.n°016 juan ramirez de velasco;esc.;n°016;juan ramirez de velasco;juan;ramirez;de;velasco;;;;;;;;;;;
esc.n°184;esc.;n°184;;;;;;;;;;;;;;;;
esc.n°120 maestra de la patria;esc.;n°120;maestra de la patria;maestra;de;la;patria;;;;;;;;;;;
esc.n°090;esc.;n°090;;;;;;;;;;;;;;;;
esc.n°315 dr.teodoro sanchez de bustamante;esc.;n°315;dr.teodoro sanchez de bustamante;dr.teodoro;sanchez;de;bustamante;;;;;;;;;;;
esc.n°388;esc.;n°388;;;;;;;;;;;;;;;;
esc.n°310 dr.esteban a.gascon;esc.;n°310;dr.esteban a.gascon;dr.esteban;a.gascon;;;;;;;;;;;;;
esc.n°105 anfiloquia velardez de gomez;esc.;n°105;anfiloquia velardez de gomez;anfiloquia;velardez;de;gomez;;;;;;;;;;;
jardin de infantes n°08 jean piaget;jardin de infantes;n°08;jean piaget;jean;piaget;;;;;;;;;;;;;
jardín de infantes n°8 jean piaget extensión n°1;;n°8;jardín de infantes  jean piaget extensión;jardín;de;infantes;;jean;piaget;extensión;;;;;;;;
esc.n°161 dr.francisco baigorri;esc.;n°161;dr.francisco baigorri;dr.francisco;baigorri;;;;;;;;;;;;;
esc.n°384;esc.;n°384;;;;;;;;;;;;;;;;
escuela especial n°005 roberto saul;escuela;n°005;especial  roberto saul;especial;;roberto;saul;;;;;;;;;;;
j.i.n. n°5;;n°5;j.i.n.;j.i.n.;;;;;;;;;;;;;;
j.i.n. n°5 extension 01;;n°5;j.i.n.  extension 01;j.i.n.;;extension;01;;;;;;;;;;;
j.i.n. n°5 extension 02;;n°5;j.i.n.  extension 02;j.i.n.;;extension;02;;;;;;;;;;;
j.i.n. n°5 extension 03;;n°5;j.i.n.  extension 03;j.i.n.;;extension;03;;;;;;;;;;;
j.i.n. n°5 extension 04;;n°5;j.i.n.  extension 04;j.i.n.;;extension;04;;;;;;;;;;;
j.i.n. n°5 extension 05;;n°5;j.i.n.  extension 05;j.i.n.;;extension;05;;;;;;;;;;;
i.s.f.t. en salud rural;;;i.s.f.t. en salud rural;i.s.f.t.;en;salud;rural;;;;;;;;;;;
i.s.f.t. brigadier juan f.quiroga;;;i.s.f.t. brigadier juan f.quiroga;i.s.f.t.;brigadier;juan;f.quiroga;;;;;;;;;;;
i.s.f.d. en lengua e historia;;;i.s.f.d. en lengua e historia;i.s.f.d.;en;lengua;e;historia;;;;;;;;;;
colegio secundario ariel ramirez(esc.de enseñanza artist.);colegio;;secundario ariel ramirez(de enseñanza artist.);secundario;ariel;ramirez(de;enseñanza;artist.);;;;;;;;;;
esc.n°223;esc.;n°223;;;;;;;;;;;;;;;;
esc.n°222 heriberto gonzalez;esc.;n°222;heriberto gonzalez;heriberto;gonzalez;;;;;;;;;;;;;
esc.n°087 sergio simeon rosa sosa;esc.;n°087;sergio simeon rosa sosa;sergio;simeon;rosa;sosa;;;;;;;;;;;
esc.n°102;esc.;n°102;;;;;;;;;;;;;;;;
esc.n°360;esc.;n°360;;;;;;;;;;;;;;;;
esc.n°234;esc.;n°234;;;;;;;;;;;;;;;;
c.e.j.a. centro educativo de jov.y adulto juan simon flores;;;c.e.j.a. centro educativo de jov.y adulto juan simon flores;c.e.j.a.;centro;educativo;de;jov.y;adulto;juan;simon;flores;;;;;;
esc.n°100;esc.;n°100;;;;;;;;;;;;;;;;
esc.n°093;esc.;n°093;;;;;;;;;;;;;;;;
esc.n°220;esc.;n°220;;;;;;;;;;;;;;;;
i.s.f.t. en produccion agropecuaria;;;i.s.f.t. en produccion agropecuaria;i.s.f.t.;en;produccion;agropecuaria;;;;;;;;;;;
c.e.j.a. centro educativo de jov.y adultos (ex.bachillerato p/ad);;;c.e.j.a. centro educativo de jov.y adultos (ex.bachillerato p/ad);c.e.j.a.;centro;educativo;de;jov.y;adultos;(ex.bachillerato;p/ad);;;;;;;
colegio provincial de catuna;colegio;;provincial de catuna;provincial;de;catuna;;;;;;;;;;;;
colegio provincial de catuna (esc.n°130);colegio;n°130;provincial de catuna ();provincial;de;catuna;();;;;;;;;;;;
esc.n°111;esc.;n°111;;;;;;;;;;;;;;;;
esc.n°101 rosendo romero;esc.;n°101;rosendo romero;rosendo;romero;;;;;;;;;;;;;
esc.n°156 directora vitalia b.de llanos j.c.;esc.;n°156;directora vitalia b.de llanos j.c.;directora;vitalia;b.de;llanos;j.c.;;;;;;;;;;
esc.n°152;esc.;n°152;;;;;;;;;;;;;;;;
esc.n°196;esc.;n°196;;;;;;;;;;;;;;;;
esc.n°133;esc.;n°133;;;;;;;;;;;;;;;;
colegio provincial de ambil;colegio;;provincial de ambil;provincial;de;ambil;;;;;;;;;;;;
colegio provincial de ambil (esc.n°101 rosendo romero);colegio;n°101;provincial de ambil ( rosendo romero);provincial;de;ambil;(;rosendo;romero);;;;;;;;;
esc.n°385;esc.;n°385;;;;;;;;;;;;;;;;
esc.n°013 rosario vera peñaloza;esc.;n°013;rosario vera peñaloza;rosario;vera;peñaloza;;;;;;;;;;;;
esc.n°273 almirante guillermo brown;esc.;n°273;almirante guillermo brown;almirante;guillermo;brown;;;;;;;;;;;;
esc.n°211 maestro ramon eulogio bazan;esc.;n°211;maestro ramon eulogio bazan;maestro;ramon;eulogio;bazan;;;;;;;;;;;
esc.n°130;esc.;n°130;;;;;;;;;;;;;;;;
esc.n°086;esc.;n°086;;;;;;;;;;;;;;;;
jardin de infantes n°09 gabriela mistral;jardin de infantes;n°09;gabriela mistral;gabriela;mistral;;;;;;;;;;;;;
jardin de infantes n°09 gabriela mistral extension 01;jardin de infantes;n°09;gabriela mistral extension 01;gabriela;mistral;extension;01;;;;;;;;;;;
jardin de infantes n°09 gabriela mistral extension 02;jardin de infantes;n°09;gabriela mistral extension 02;gabriela;mistral;extension;02;;;;;;;;;;;
esc.n°081;esc.;n°081;;;;;;;;;;;;;;;;
esc.n°241;esc.;n°241;;;;;;;;;;;;;;;;
esc.n°158 pozo del medio;esc.;n°158;pozo del medio;pozo;del;medio;;;;;;;;;;;;
esc.n°113;esc.;n°113;;;;;;;;;;;;;;;;
esc.n°035 maria rosa tapia de oropel;esc.;n°035;maria rosa tapia de oropel;maria;rosa;tapia;de;oropel;;;;;;;;;;
esc.n°117 wolf schcolnik;esc.;n°117;wolf schcolnik;wolf;schcolnik;;;;;;;;;;;;;
esc.n°138;esc.;n°138;;;;;;;;;;;;;;;;
esc.n°146;esc.;n°146;;;;;;;;;;;;;;;;
esc.n°332;esc.;n°332;;;;;;;;;;;;;;;;
esc.n°095 jose eusebio toledo vera;esc.;n°095;jose eusebio toledo vera;jose;eusebio;toledo;vera;;;;;;;;;;;
esc.n°126  el barrial;esc.;n°126;el barrial;el;barrial;;;;;;;;;;;;;
esc.n°034 angel custodio perez;esc.;n°034;angel custodio perez;angel;custodio;perez;;;;;;;;;;;;
esc.n°239 agueda pizarro cuenca;esc.;n°239;agueda pizarro cuenca;agueda;pizarro;cuenca;;;;;;;;;;;;
esc.n°045;esc.;n°045;;;;;;;;;;;;;;;;
esc. n°132 maria estela diaz bazan;esc.;n°132;maria estela diaz bazan;maria;estela;diaz;bazan;;;;;;;;;;;
esc.n°128;esc.;n°128;;;;;;;;;;;;;;;;
esc.n°221 julian noé aguilar;esc.;n°221;julian noé aguilar;julian;noé;aguilar;;;;;;;;;;;;
i.s.f.d. ariel ferraro;;;i.s.f.d. ariel ferraro;i.s.f.d.;ariel;ferraro;;;;;;;;;;;;
esc.n°208 eva peron;esc.;n°208;eva peron;eva;peron;;;;;;;;;;;;;
i.s.f.d. alberto cavero;;;i.s.f.d. alberto cavero;i.s.f.d.;alberto;cavero;;;;;;;;;;;;
escuela agropecuaria gral. manuel belgrano;escuela;;agropecuaria gral. manuel belgrano;agropecuaria;gral.;manuel;belgrano;;;;;;;;;;;
colegio provincial de punta de los llanos;colegio;;provincial de punta de los llanos;provincial;de;punta;de;los;llanos;;;;;;;;;
escuela de comercio- juan facundo quiroga;escuela;;de comercio- juan facundo quiroga;de;comercio-;juan;facundo;quiroga;;;;;;;;;;
escuela de comercio- juan facundo quiroga (esc.n°042);escuela;n°042;de comercio- juan facundo quiroga ();de;comercio-;juan;facundo;quiroga;();;;;;;;;;
esc.n°114 nicolas lanzillotto;esc.;n°114;nicolas lanzillotto;nicolas;lanzillotto;;;;;;;;;;;;;
i.s.f.d. de educacion inicial;;;i.s.f.d. de educacion inicial;i.s.f.d.;de;educacion;inicial;;;;;;;;;;;
esc.n°104;esc.;n°104;;;;;;;;;;;;;;;;
esc.n°347 juan manuel de rosas;esc.;n°347;juan manuel de rosas;juan;manuel;de;rosas;;;;;;;;;;;
esc.n°050;esc.;n°050;;;;;;;;;;;;;;;;
esc.n°255 dr.joaquin v.gonzalez;esc.;n°255;dr.joaquin v.gonzalez;dr.joaquin;v.gonzalez;;;;;;;;;;;;;
colegio provincial desiderio tello;colegio;;provincial desiderio tello;provincial;desiderio;tello;;;;;;;;;;;;
esc.normal superior juan facundo quiroga(nivel secundario);esc.;;normal superior juan facundo quiroga(nivel secundario);normal;superior;juan;facundo;quiroga(nivel;secundario);;;;;;;;;
esc.normal superior juan facundo quiroga (extension aulica);esc.;;normal superior juan facundo quiroga (extension aulica);normal;superior;juan;facundo;quiroga;(extension;aulica);;;;;;;;
e.p.e.t. n°1;;n°1;e.p.e.t.;e.p.e.t.;;;;;;;;;;;;;;
c.e.j.a. angel v.peñaloza;;;c.e.j.a. angel v.peñaloza;c.e.j.a.;angel;v.peñaloza;;;;;;;;;;;;
i.s.f.d. ceferino quintiero;;;i.s.f.d. ceferino quintiero;i.s.f.d.;ceferino;quintiero;;;;;;;;;;;;
colegio secndario milagro (ex-esc.enseñanza artistica) jaime torres;colegio;;secndario milagro (ex-enseñanza artistica) jaime torres;secndario;milagro;(ex-enseñanza;artistica);jaime;torres;;;;;;;;;
esc.provincial de comercio mary o.graham;esc.;;provincial de comercio mary o.graham;provincial;de;comercio;mary;o.graham;;;;;;;;;;
esc.n°015 pcia.de san luis;esc.;n°015;pcia.de san luis;pcia.de;san;luis;;;;;;;;;;;;
esc.n°207 caudillos riojanos;esc.;n°207;caudillos riojanos;caudillos;riojanos;;;;;;;;;;;;;
esc.n°080 provincia de la pampaj.c.;esc.;n°080;provincia de la pampaj.c.;provincia;de;la;pampaj.c.;;;;;;;;;;;
i.s.f.d. y t.victoria romero;;;i.s.f.d. y t.victoria romero;i.s.f.d.;y;t.victoria;romero;;;;;;;;;;;
esc.n°327 maestro juan francisco oviedo;esc.;n°327;maestro juan francisco oviedo;maestro;juan;francisco;oviedo;;;;;;;;;;;
esc.n°079 amigo devoto;esc.;n°079;amigo devoto;amigo;devoto;;;;;;;;;;;;;
i.s.f.d. dr. artemio moreno;;;i.s.f.d. dr. artemio moreno;i.s.f.d.;dr.;artemio;moreno;;;;;;;;;;;
esc. secundaria de loma blanca;esc.;;secundaria de loma blanca;secundaria;de;loma;blanca;;;;;;;;;;;
esc. secundaria de loma blanca (esc.n°026);esc.;n°026;secundaria de loma blanca ();secundaria;de;loma;blanca;();;;;;;;;;;
esc. secundaria de loma blanca (esc.n°387);esc.;n°387;secundaria de loma blanca ();secundaria;de;loma;blanca;();;;;;;;;;;
esc. secundaria de loma blanca (esc.n°154 maestro jorge gomez);esc.;n°154;secundaria de loma blanca ( maestro jorge gomez);secundaria;de;loma;blanca;(;maestro;jorge;gomez);;;;;;;
esc. secundaria de loma blanca (esc.n°344);esc.;n°344;secundaria de loma blanca ();secundaria;de;loma;blanca;();;;;;;;;;;
esc. secundaria de loma blanca-esc.n°155 prebistero antonio conrrero;esc.;n°155;secundaria de loma blanca- prebistero antonio conrrero;secundaria;de;loma;blanca-;prebistero;antonio;conrrero;;;;;;;;
esc. secundaria de loma blanca (esc. n°77);esc.;n°77;secundaria de loma blanca ( );secundaria;de;loma;blanca;(;);;;;;;;;;
esc.n°186 coronel felipe varelaj.c.;esc.;n°186;coronel felipe varelaj.c.;coronel;felipe;varelaj.c.;;;;;;;;;;;;
esc.normal dr. jose santos salinas(nivel secundario);esc.;;normal dr. jose santos salinas(nivel secundario);normal;dr.;jose;santos;salinas(nivel;secundario);;;;;;;;;
esc.n°040;esc.;n°040;;;;;;;;;;;;;;;;
esc.n°285 maria sanchez de thompson;esc.;n°285;maria sanchez de thompson;maria;sanchez;de;thompson;;;;;;;;;;;
esc.n°027 gobernacion de sta.cruzj.c.;esc.;n°027;gobernacion de sta.cruzj.c.;gobernacion;de;sta.cruzj.c.;;;;;;;;;;;;
esc.n°139 gral. josé de san martín;esc.;n°139;gral. josé de san martín;gral.;josé;de;san;martín;;;;;;;;;;
esc.n°354;esc.;n°354;;;;;;;;;;;;;;;;
esc.n°091 provincia de chubut;esc.;n°091;provincia de chubut;provincia;de;chubut;;;;;;;;;;;;
i.s.f.t. de malanzan;;;i.s.f.t. de malanzan;i.s.f.t.;de;malanzan;;;;;;;;;;;;
esc.n°089;esc.;n°089;;;;;;;;;;;;;;;;
esc.n°351;esc.;n°351;;;;;;;;;;;;;;;;
esc.n°030 maestro carlos dario torres;esc.;n°030;maestro carlos dario torres;maestro;carlos;dario;torres;;;;;;;;;;;
esc.n°380;esc.;n°380;;;;;;;;;;;;;;;;
esc.n°181 nogal aguero cisterna;esc.;n°181;nogal aguero cisterna;nogal;aguero;cisterna;;;;;;;;;;;;
esc.n°082 raul orihuela;esc.;n°082;raul orihuela;raul;orihuela;;;;;;;;;;;;;
esc.n°083;esc.;n°083;;;;;;;;;;;;;;;;
esc.n°145 amelia ramona torres;esc.;n°145;amelia ramona torres;amelia;ramona;torres;;;;;;;;;;;;
esc.n°393;esc.;n°393;;;;;;;;;;;;;;;;
esc.n°274 marcos sastre;esc.;n°274;marcos sastre;marcos;sastre;;;;;;;;;;;;;
esc.n°049 brigadier juan facundo quiroga;esc.;n°049;brigadier juan facundo quiroga;brigadier;juan;facundo;quiroga;;;;;;;;;;;
esc.n°313 mariano boedo;esc.;n°313;mariano boedo;mariano;boedo;;;;;;;;;;;;;
colegio secundario provincial juan zacarias aguero vera;colegio;;secundario provincial juan zacarias aguero vera;secundario;provincial;juan;zacarias;aguero;vera;;;;;;;;;
colegio secundario provincial juan zacarias aguero vera (esc.n°380);colegio;n°380;secundario provincial juan zacarias aguero vera ();secundario;provincial;juan;zacarias;aguero;vera;();;;;;;;;
colegio secundario provincial intendente elizondo;colegio;;secundario provincial intendente elizondo;secundario;provincial;intendente;elizondo;;;;;;;;;;;
bachillerato para adultos;;;bachillerato para adultos;bachillerato;para;adultos;;;;;;;;;;;;
esc.n°269 brigadier juan facundo quiroga;esc.;n°269;brigadier juan facundo quiroga;brigadier;juan;facundo;quiroga;;;;;;;;;;;
colegio secundario provincial el portezuelo;colegio;;secundario provincial el portezuelo;secundario;provincial;el;portezuelo;;;;;;;;;;;
colegio secundario provincial el portezuelo (esc.n°310);colegio;n°310;secundario provincial el portezuelo ();secundario;provincial;el;portezuelo;();;;;;;;;;;
esc.n°085 fray mamerto esquiu;esc.;n°085;fray mamerto esquiu;fray;mamerto;esquiu;;;;;;;;;;;;
colegio secundario provincial de olpas;colegio;;secundario provincial de olpas;secundario;provincial;de;olpas;;;;;;;;;;;
colegio secundario provincial de olpas (esc.n°086);colegio;n°086;secundario provincial de olpas ();secundario;provincial;de;olpas;();;;;;;;;;;
colegio secundario provincial de olpas (esc. n° 315);colegio;;secundario provincial de olpas ( n° 315);secundario;provincial;de;olpas;(;n°;315);;;;;;;;
jardin de infantes n°32;jardin de infantes;n°32;;;;;;;;;;;;;;;;
esc.n°281 25 de mayoj.c.;esc.;n°281;25 de mayoj.c.;25;de;mayoj.c.;;;;;;;;;;;;
esc.n°267 gral.angel vicente peñalozaj.c.;esc.;n°267;gral.angel vicente peñalozaj.c.;gral.angel;vicente;peñalozaj.c.;;;;;;;;;;;;
j.i.n. n°6 miguel roberto moreno;;n°6;j.i.n.  miguel roberto moreno;j.i.n.;;miguel;roberto;moreno;;;;;;;;;;
j.i.n. n°6 extension 01;;n°6;j.i.n.  extension 01;j.i.n.;;extension;01;;;;;;;;;;;
j.i.n. n°6 extension 02;;n°6;j.i.n.  extension 02;j.i.n.;;extension;02;;;;;;;;;;;
colegio secundario provincial obispo abel bazan y bustos;colegio;;secundario provincial obispo abel bazan y bustos;secundario;provincial;obispo;abel;bazan;y;bustos;;;;;;;;
colegio secundario provincial obispo abel bazan y bustos (esc.n°79);colegio;n°79;secundario provincial obispo abel bazan y bustos ();secundario;provincial;obispo;abel;bazan;y;bustos;();;;;;;;
colegio secundario provincial alberto breyer;colegio;;secundario provincial alberto breyer;secundario;provincial;alberto;breyer;;;;;;;;;;;
colegio secundario provincial alberto breyer (esc.n°040);colegio;n°040;secundario provincial alberto breyer ();secundario;provincial;alberto;breyer;();;;;;;;;;;
esc.privada gabriela mistral;esc.;;privada gabriela mistral;privada;gabriela;mistral;;;;;;;;;;;;
unidad educativa comunitaria n°52 chilecito;;n°52;unidad educativa comunitaria  chilecito;unidad;educativa;comunitaria;;chilecito;;;;;;;;;;
esc.n°364;esc.;n°364;;;;;;;;;;;;;;;;
esc.n°088 andrea picon zalazar;esc.;n°088;andrea picon zalazar;andrea;picon;zalazar;;;;;;;;;;;;
esc.n°206;esc.;n°206;;;;;;;;;;;;;;;;
esc.n°056 gral.manuel belgrano;esc.;n°056;gral.manuel belgrano;gral.manuel;belgrano;;;;;;;;;;;;;
esc.n°140 maria estela torres de sufan;esc.;n°140;maria estela torres de sufan;maria;estela;torres;de;sufan;;;;;;;;;;
esc.n°367;esc.;n°367;;;;;;;;;;;;;;;;
esc.n°400;esc.;n°400;;;;;;;;;;;;;;;;
j.i.n. n°4;;n°4;j.i.n.;j.i.n.;;;;;;;;;;;;;;
j.i.n. n°4 extension 01;;n°4;j.i.n.  extension 01;j.i.n.;;extension;01;;;;;;;;;;;
colegio secundario provincial de pagancillo;colegio;;secundario provincial de pagancillo;secundario;provincial;de;pagancillo;;;;;;;;;;;
extension aulica rural aicuña;;;extension aulica rural aicuña;extension;aulica;rural;aicuña;;;;;;;;;;;
centro primario para adultos n°38;;n°38;centro primario para adultos;centro;primario;para;adultos;;;;;;;;;;;
centro primario para adultos n°100;;n°100;centro primario para adultos;centro;primario;para;adultos;;;;;;;;;;;
centro de capacitacion laboral n°44;;n°44;centro de capacitacion laboral;centro;de;capacitacion;laboral;;;;;;;;;;;
unidad educativa para adultos nº59;;;unidad educativa para adultos nº59;unidad;educativa;para;adultos;nº59;;;;;;;;;;
centro de capacitacion laboral n°61;;n°61;centro de capacitacion laboral;centro;de;capacitacion;laboral;;;;;;;;;;;
unidad educativa para adultos n°35;;n°35;unidad educativa para adultos;unidad;educativa;para;adultos;;;;;;;;;;;
unidad primario para adultos nro 28;;;unidad primario para adultos nro 28;unidad;primario;para;adultos;nro;28;;;;;;;;;
unidad educativa ciclo primario n°15;;n°15;unidad educativa ciclo primario;unidad;educativa;ciclo;primario;;;;;;;;;;;
unidad educativa ciclo primario n°14;;n°14;unidad educativa ciclo primario;unidad;educativa;ciclo;primario;;;;;;;;;;;
unidad educativa ciclo primario n°13;;n°13;unidad educativa ciclo primario;unidad;educativa;ciclo;primario;;;;;;;;;;;
unidad educativa ciclo primario n°45;;n°45;unidad educativa ciclo primario;unidad;educativa;ciclo;primario;;;;;;;;;;;
unidad educativa comunitaria n°39 fray bernardino gomez;;n°39;unidad educativa comunitaria  fray bernardino gomez;unidad;educativa;comunitaria;;fray;bernardino;gomez;;;;;;;;
unidad educativa nuclearizadas nonogasta (n°21);;n°21;unidad educativa nuclearizadas nonogasta ();unidad;educativa;nuclearizadas;nonogasta;();;;;;;;;;;
unidad educativa ciclo primario n°6;;n°6;unidad educativa ciclo primario;unidad;educativa;ciclo;primario;;;;;;;;;;;
unidad educativa ciclo primario n°6 a;;n°6;unidad educativa ciclo primario  a;unidad;educativa;ciclo;primario;;a;;;;;;;;;
unidad educativa de jovenes y adultos n°3;;n°3;unidad educativa de jovenes y adultos;unidad;educativa;de;jovenes;y;adultos;;;;;;;;;
unidad educativa ciclo primario n°2;;n°2;unidad educativa ciclo primario;unidad;educativa;ciclo;primario;;;;;;;;;;;
unidad educativa ciclo primario n°1;;n°1;unidad educativa ciclo primario;unidad;educativa;ciclo;primario;;;;;;;;;;;
centro educativo de adultos nivel primario n°58;;n°58;centro educativo de adultos nivel primario;centro;educativo;de;adultos;nivel;primario;;;;;;;;;
unidad educativa n°54;;n°54;unidad educativa;unidad;educativa;;;;;;;;;;;;;
unidad educativa de jovenes y adultos n°56;;n°56;unidad educativa de jovenes y adultos;unidad;educativa;de;jovenes;y;adultos;;;;;;;;;
instituto superior albert einstein;instituto;;superior albert einstein;superior;albert;einstein;;;;;;;;;;;;
j.i.n. n°1;;n°1;j.i.n.;j.i.n.;;;;;;;;;;;;;;
j.i.n. n°1 extension 01(extension rivadavia);;n°1;j.i.n.  extension 01(extension rivadavia);j.i.n.;;extension;01(extension;rivadavia);;;;;;;;;;
j.i.n. n°2 niño jesus de praga;;n°2;j.i.n.  niño jesus de praga;j.i.n.;;niño;jesus;de;praga;;;;;;;;;
j.i.n. n°2 extension 01;;n°2;j.i.n.  extension 01;j.i.n.;;extension;01;;;;;;;;;;;
j.i.n. n°2  guillermo moreno extension 02;;n°2;j.i.n.   guillermo moreno extension 02;j.i.n.;;;guillermo;moreno;extension;02;;;;;;;;
j.i.n. n°2 semillita extension 03;;n°2;j.i.n.  semillita extension 03;j.i.n.;;semillita;extension;03;;;;;;;;;;
j.i.n. n°2 extension 04;;n°2;j.i.n.  extension 04;j.i.n.;;extension;04;;;;;;;;;;;
centro educativo diocesano pio xii - colegio pio xii  (ex-col. sec. parroquial pio xii);colegio;;centro educativo diocesano pio xii -  pio xii  (ex-col. sec. parroquial pio xii);centro;educativo;diocesano;pio;xii;-;;pio;xii;;(ex-col.;sec.;parroquial;pio;xii)
centro educativo dioscesano pio xii jardin de infantes pio xii;jardin de infantes;;centro educativo dioscesano pio xii  pio xii;centro;educativo;dioscesano;pio;xii;;pio;xii;;;;;;;
jardin de infantes atepeito;jardin de infantes;;atepeito;atepeito;;;;;;;;;;;;;;
jardin de infantes atepeito anexo milagro;jardin de infantes;;atepeito anexo milagro;atepeito;anexo;milagro;;;;;;;;;;;;
esc.privada federalito;esc.;;privada federalito;privada;federalito;;;;;;;;;;;;;
esc.privada i.a.e.s. (nivel inicial y egb 1y2);esc.;;privada i.a.e.s. (nivel inicial y egb 1y2);privada;i.a.e.s.;(nivel;inicial;y;egb;1y2);;;;;;;;
esc.n°316 antonio gonzalez balcarce;esc.;n°316;antonio gonzalez balcarce;antonio;gonzalez;balcarce;;;;;;;;;;;;
esc.municipal n°1juan manuel fangio;esc.;n°1;municipal juan manuel fangio;municipal;juan;manuel;fangio;;;;;;;;;;;
jardin maternal municipal n°2 dr.albert sabin;;n°2;jardin maternal municipal  dr.albert sabin;jardin;maternal;municipal;;dr.albert;sabin;;;;;;;;;
unidad educativa para adultos n°24;;n°24;unidad educativa para adultos;unidad;educativa;para;adultos;;;;;;;;;;;
unidad educativa n°81;;n°81;unidad educativa;unidad;educativa;;;;;;;;;;;;;
unidad educativa n°91;;n°91;unidad educativa;unidad;educativa;;;;;;;;;;;;;
unidad educativa n°68;;n°68;unidad educativa;unidad;educativa;;;;;;;;;;;;;
unidad educativa n°79;;n°79;unidad educativa;unidad;educativa;;;;;;;;;;;;;
centro educativa n°30;;n°30;centro educativa;centro;educativa;;;;;;;;;;;;;
centro educativa n°26;;n°26;centro educativa;centro;educativa;;;;;;;;;;;;;
centro educativa n°29;;n°29;centro educativa;centro;educativa;;;;;;;;;;;;;
centro educativa n°86;;n°86;centro educativa;centro;educativa;;;;;;;;;;;;;
unidad educativa n°42;;n°42;unidad educativa;unidad;educativa;;;;;;;;;;;;;
unidad educativa n°95;;n°95;unidad educativa;unidad;educativa;;;;;;;;;;;;;
unidad educativa n°99;;n°99;unidad educativa;unidad;educativa;;;;;;;;;;;;;
centro educativa n°66;;n°66;centro educativa;centro;educativa;;;;;;;;;;;;;
centro educativa n°112;;n°112;centro educativa;centro;educativa;;;;;;;;;;;;;
unidad educativa n°29;;n°29;unidad educativa;unidad;educativa;;;;;;;;;;;;;
unidad educativa n°35;;n°35;unidad educativa;unidad;educativa;;;;;;;;;;;;;
unidad educativa n°33 de jovenes y adultos;;n°33;unidad educativa  de jovenes y adultos;unidad;educativa;;de;jovenes;y;adultos;;;;;;;;
unidad educativa n°62;;n°62;unidad educativa;unidad;educativa;;;;;;;;;;;;;
unidad educativa n°3 a;;n°3;unidad educativa  a;unidad;educativa;;a;;;;;;;;;;;
unidad educativa n°51;;n°51;unidad educativa;unidad;educativa;;;;;;;;;;;;;
c.a.p. n°82;;n°82;c.a.p.;c.a.p.;;;;;;;;;;;;;;
centro educativo n°53;;n°53;centro educativo;centro;educativo;;;;;;;;;;;;;
centro de adulto n°64;;n°64;centro de adulto;centro;de;adulto;;;;;;;;;;;;
centro de adulto n°63;;n°63;centro de adulto;centro;de;adulto;;;;;;;;;;;;
centro educativo n°37;;n°37;centro educativo;centro;educativo;;;;;;;;;;;;;
unidad educativa nuclearizada n°9;;n°9;unidad educativa nuclearizada;unidad;educativa;nuclearizada;;;;;;;;;;;;
jardin de infantes n°41 colonia frutihorticola;jardin de infantes;n°41;colonia frutihorticola;colonia;frutihorticola;;;;;;;;;;;;;
unidad educativa n°106;;n°106;unidad educativa;unidad;educativa;;;;;;;;;;;;;
unidad educativa laboral n°83;;n°83;unidad educativa laboral;unidad;educativa;laboral;;;;;;;;;;;;
centro de formacion profesional n°2;;n°2;centro de formacion profesional;centro;de;formacion;profesional;;;;;;;;;;;
centro de capacitacion laboral n°19;;n°19;centro de capacitacion laboral;centro;de;capacitacion;laboral;;;;;;;;;;;
unidad educativa n°30;;n°30;unidad educativa;unidad;educativa;;;;;;;;;;;;;
centro de capacitacion laboral n°94;;n°94;centro de capacitacion laboral;centro;de;capacitacion;laboral;;;;;;;;;;;
centro laboral n°44;;n°44;centro laboral;centro;laboral;;;;;;;;;;;;;
centro de capacitacion laboral n°104;;n°104;centro de capacitacion laboral;centro;de;capacitacion;laboral;;;;;;;;;;;
centro educativo laboral n°13;;n°13;centro educativo laboral;centro;educativo;laboral;;;;;;;;;;;;
unidad educativa n°16;;n°16;unidad educativa;unidad;educativa;;;;;;;;;;;;;
unidad educativa de capacitacion laboral n°22;;n°22;unidad educativa de capacitacion laboral;unidad;educativa;de;capacitacion;laboral;;;;;;;;;;
unidad educativa de capacitacion laboral n°20;;n°20;unidad educativa de capacitacion laboral;unidad;educativa;de;capacitacion;laboral;;;;;;;;;;
unidad educativa de capacitacion laboral n°18;;n°18;unidad educativa de capacitacion laboral;unidad;educativa;de;capacitacion;laboral;;;;;;;;;;
unidad educativa de capacitacion laboral n°27;;n°27;unidad educativa de capacitacion laboral;unidad;educativa;de;capacitacion;laboral;;;;;;;;;;
unidad educativa de capacitacion laboral n°26;;n°26;unidad educativa de capacitacion laboral;unidad;educativa;de;capacitacion;laboral;;;;;;;;;;
unidad educativa de capacitacion laboral anguinan;;;unidad educativa de capacitacion laboral anguinan;unidad;educativa;de;capacitacion;laboral;anguinan;;;;;;;;;
unidad educativa de anguinan capacitacion laboral;;;unidad educativa de anguinan capacitacion laboral;unidad;educativa;de;anguinan;capacitacion;laboral;;;;;;;;;
unidad educativa n°11 capacitacin laboral;;n°11;unidad educativa  capacitacin laboral;unidad;educativa;;capacitacin;laboral;;;;;;;;;;
unidad educativa n°10;;n°10;unidad educativa;unidad;educativa;;;;;;;;;;;;;
unidad educativa de capacitacion laboral n°9;;n°9;unidad educativa de capacitacion laboral;unidad;educativa;de;capacitacion;laboral;;;;;;;;;;
unidad educativa de capacitacion laboral n°9 a;;n°9;unidad educativa de capacitacion laboral  a;unidad;educativa;de;capacitacion;laboral;;a;;;;;;;;
unidad educativa de capacitacion laboral n° 8;;;unidad educativa de capacitacion laboral n° 8;unidad;educativa;de;capacitacion;laboral;n°;8;;;;;;;;
esc.n°339 de hilados y tejidos;esc.;n°339;de hilados y tejidos;de;hilados;y;tejidos;;;;;;;;;;;
unidad educativa manual  n°16;;n°16;unidad educativa manual;unidad;educativa;manual;;;;;;;;;;;;
esc.n°253 patricio del sacramento;esc.;n°253;patricio del sacramento;patricio;del;sacramento;;;;;;;;;;;;
unidad educativa n°4;;n°4;unidad educativa;unidad;educativa;;;;;;;;;;;;;
unidad educativa n°7 capacitacion laboral;;n°7;unidad educativa  capacitacion laboral;unidad;educativa;;capacitacion;laboral;;;;;;;;;;
instituto privado crecer;instituto;;privado crecer;privado;crecer;;;;;;;;;;;;;
jardin de infantes n°43 rosario vera peñaloza;jardin de infantes;n°43;rosario vera peñaloza;rosario;vera;peñaloza;;;;;;;;;;;;
c.a.p. n°48;;n°48;c.a.p.;c.a.p.;;;;;;;;;;;;;;
unidad educativa n°18 (ex c.a.p.1a);;n°18;unidad educativa  (ex c.a.p.1a);unidad;educativa;;(ex;c.a.p.1a);;;;;;;;;;
c.a.p. n°03;;n°03;c.a.p.;c.a.p.;;;;;;;;;;;;;;
c.a.p. n°04 a;;n°04;c.a.p.  a;c.a.p.;;a;;;;;;;;;;;;
c.a.p. n°08;;n°08;c.a.p.;c.a.p.;;;;;;;;;;;;;;
c.a.p. n°05;;n°05;c.a.p.;c.a.p.;;;;;;;;;;;;;;
c.a.p. n°06;;n°06;c.a.p.;c.a.p.;;;;;;;;;;;;;;
c.a.p. n°51;;n°51;c.a.p.;c.a.p.;;;;;;;;;;;;;;
c.a.p. n°10;;n°10;c.a.p.;c.a.p.;;;;;;;;;;;;;;
c.a.p. n°01;;n°01;c.a.p.;c.a.p.;;;;;;;;;;;;;;
c.a.p. n°17;;n°17;c.a.p.;c.a.p.;;;;;;;;;;;;;;
c.a.p. n°12 b;;n°12;c.a.p.  b;c.a.p.;;b;;;;;;;;;;;;
esc.municipal n°2juan domingo peron;esc.;n°2;municipal juan domingo peron;municipal;juan;domingo;peron;;;;;;;;;;;
esc.n°401 san antonio;esc.;n°401;san antonio;san;antonio;;;;;;;;;;;;;
centro educativo n°55;;n°55;centro educativo;centro;educativo;;;;;;;;;;;;;
unidad educativa n°54;;n°54;unidad educativa;unidad;educativa;;;;;;;;;;;;;
unidad educativa n°57;;n°57;unidad educativa;unidad;educativa;;;;;;;;;;;;;
centro de formacion profesional n°03;;n°03;centro de formacion profesional;centro;de;formacion;profesional;;;;;;;;;;;
unidad educativa n°69;;n°69;unidad educativa;unidad;educativa;;;;;;;;;;;;;
unidad educativa n°78;;n°78;unidad educativa;unidad;educativa;;;;;;;;;;;;;
centro educativo n°34  centro de alfabetizacion;;n°34;centro educativo   centro de alfabetizacion;centro;educativo;;;centro;de;alfabetizacion;;;;;;;;
centro laboral n°49;;n°49;centro laboral;centro;laboral;;;;;;;;;;;;;
centro educativo n°114;;n°114;centro educativo;centro;educativo;;;;;;;;;;;;;
esc.privada gabriela mistral (jornada simple);esc.;;privada gabriela mistral (jornada simple);privada;gabriela;mistral;(jornada;simple);;;;;;;;;;
centro educativo n°38;;n°38;centro educativo;centro;educativo;;;;;;;;;;;;;
i.s.f.d. dr.jose s.salinas;;;i.s.f.d. dr.jose s.salinas;i.s.f.d.;dr.jose;s.salinas;;;;;;;;;;;;
i.s.f.d. juan f. quiroga;;;i.s.f.d. juan f. quiroga;i.s.f.d.;juan;f.;quiroga;;;;;;;;;;;
c.a.p. n°11;;n°11;c.a.p.;c.a.p.;;;;;;;;;;;;;;
c.a.p. n°14 b;;n°14;c.a.p.  b;c.a.p.;;b;;;;;;;;;;;;
c.a.p. n°15;;n°15;c.a.p.;c.a.p.;;;;;;;;;;;;;;
i.s.f.t. ing.otto krause;;;i.s.f.t. ing.otto krause;i.s.f.t.;ing.otto;krause;;;;;;;;;;;;
instituto superior de formación integral en seguridad pública ;instituto;;superior de formación integral en seguridad pública;superior;de;formación;integral;en;seguridad;pública;;;;;;;;
esc.n°358 juan julio ibañez;esc.;n°358;juan julio ibañez;juan;julio;ibañez;;;;;;;;;;;;
colegio privado santo tomas de aquino;colegio;;privado santo tomas de aquino;privado;santo;tomas;de;aquino;;;;;;;;;;
jardin de infantes n°47;jardin de infantes;n°47;;;;;;;;;;;;;;;;
esc.n°291 prof.sixto alciro brizuela;esc.;n°291;prof.sixto alciro brizuela;prof.sixto;alciro;brizuela;;;;;;;;;;;;
centro de desarrollo infantil  san pio de pietrelcina;;;centro de desarrollo infantil  san pio de pietrelcina;centro;de;desarrollo;infantil;;san;pio;de;pietrelcina;;;;;;
colegio privado san antonio de padua;colegio;;privado san antonio de padua;privado;san;antonio;de;padua;;;;;;;;;;
esc. de gestion comunitaria;esc.;;de gestion comunitaria;de;gestion;comunitaria;;;;;;;;;;;;
jardin de infantes miguel de cervantes;jardin de infantes;;miguel de cervantes;miguel;de;cervantes;;;;;;;;;;;;
centro provincial de educacion fisica n°3;;n°3;centro provincial de educacion fisica;centro;provincial;de;educacion;fisica;;;;;;;;;;
unidad educativa n°19;;n°19;unidad educativa;unidad;educativa;;;;;;;;;;;;;
centro de animacion socio cultural n°103;;n°103;centro de animacion socio cultural;centro;de;animacion;socio;cultural;;;;;;;;;;
j.i.n. n°17;;n°17;j.i.n.;j.i.n.;;;;;;;;;;;;;;
j.i.n. n°17 extension 01;;n°17;j.i.n.  extension 01;j.i.n.;;extension;01;;;;;;;;;;;
j.i.n. n°17 extension 03;;n°17;j.i.n.  extension 03;j.i.n.;;extension;03;;;;;;;;;;;
j.i.n. n°17 extension 04;;n°17;j.i.n.  extension 04;j.i.n.;;extension;04;;;;;;;;;;;
j.i.n. n°13;;n°13;j.i.n.;j.i.n.;;;;;;;;;;;;;;
j.i.n. n°13 extension 01;;n°13;j.i.n.  extension 01;j.i.n.;;extension;01;;;;;;;;;;;
j.i.n. n°13 extension 02;;n°13;j.i.n.  extension 02;j.i.n.;;extension;02;;;;;;;;;;;
j.i.n. n°13 extension 03 (mollaco);;n°13;j.i.n.  extension 03 (mollaco);j.i.n.;;extension;03;(mollaco);;;;;;;;;;
j.i.n.n°13 extension 04 (san antonio);;n°13;j.i.n. extension 04 (san antonio);j.i.n.;extension;04;(san;antonio);;;;;;;;;;
colegio tecnologico provincial ing. luis augusto huergo;colegio;;tecnologico provincial ing. luis augusto huergo;tecnologico;provincial;ing.;luis;augusto;huergo;;;;;;;;;
centro de animacion socio cultural y tecnico;;;centro de animacion socio cultural y tecnico;centro;de;animacion;socio;cultural;y;tecnico;;;;;;;;
centro de animacion socio cultural-cuipan;;;centro de animacion socio cultural-cuipan;centro;de;animacion;socio;cultural-cuipan;;;;;;;;;;
esc.n°403;esc.;n°403;;;;;;;;;;;;;;;;
centro de animacion socio cultural;;;centro de animacion socio cultural;centro;de;animacion;socio;cultural;;;;;;;;;;
centro provincial de educacion fisica n°5;;n°5;centro provincial de educacion fisica;centro;provincial;de;educacion;fisica;;;;;;;;;;
c.a.p. n°19 a;;n°19;c.a.p.  a;c.a.p.;;a;;;;;;;;;;;;
c.a.p. n°19 ;;n°19;c.a.p.;c.a.p.;;;;;;;;;;;;;;
centro provincial de educacion fisica n°6 olta;;n°6;centro provincial de educacion fisica  olta;centro;provincial;de;educacion;fisica;;olta;;;;;;;;
centro provincial de educacion fisica n°2;;n°2;centro provincial de educacion fisica;centro;provincial;de;educacion;fisica;;;;;;;;;;
jardin de infantes municipal teresa m.de barros chilecito;jardin de infantes;;municipal teresa m.de barros chilecito;municipal;teresa;m.de;barros;chilecito;;;;;;;;;;
centro provincial de educacion fisica n°4;;n°4;centro provincial de educacion fisica;centro;provincial;de;educacion;fisica;;;;;;;;;;
esc.privada jean piaget;esc.;;privada jean piaget;privada;jean;piaget;;;;;;;;;;;;
centro educativo de formadores de emprendimiento;;;centro educativo de formadores de emprendimiento;centro;educativo;de;formadores;de;emprendimiento;;;;;;;;;
jardin maternal municipal virgen de guadalupe;;;jardin maternal municipal virgen de guadalupe;jardin;maternal;municipal;virgen;de;guadalupe;;;;;;;;;
jardin de infantes n°45rosario ocampo de iribarren;jardin de infantes;n°45;rosario ocampo de iribarren;rosario;ocampo;de;iribarren;;;;;;;;;;;
jardin de infantes n°44;jardin de infantes;n°44;;;;;;;;;;;;;;;;
esc.de enseñanza artistica;esc.;;de enseñanza artistica;de;enseñanza;artistica;;;;;;;;;;;;
esc.n°402 mascasin;esc.;n°402;mascasin;mascasin;;;;;;;;;;;;;;
instituto privado de nivel inicial creciendo;instituto;;privado de nivel inicial creciendo;privado;de;nivel;inicial;creciendo;;;;;;;;;;
bachillerato para jovenes y adultos;;;bachillerato para jovenes y adultos;bachillerato;para;jovenes;y;adultos;;;;;;;;;;
bachillerato para jovenes y adultos extension aulica famatina;;;bachillerato para jovenes y adultos extension aulica famatina;bachillerato;para;jovenes;y;adultos;extension;aulica;famatina;;;;;;;
bachillerato para jovenes y adultos extension aulica de ulapes;;;bachillerato para jovenes y adultos extension aulica de ulapes;bachillerato;para;jovenes;y;adultos;extension;aulica;de;ulapes;;;;;;
bachillerato para jovenes y adultos extension aulica de pituil;;;bachillerato para jovenes y adultos extension aulica de pituil;bachillerato;para;jovenes;y;adultos;extension;aulica;de;pituil;;;;;;
terminacion de primaria (ctro.cap.n°42);;n°42;terminacion de primaria (ctro.cap.);terminacion;de;primaria;(ctro.cap.);;;;;;;;;;;
c.a.p. n°13 a;;n°13;c.a.p.  a;c.a.p.;;a;;;;;;;;;;;;
centro educativo n°406 rosario ocampo de iribarren;;n°406;centro educativo  rosario ocampo de iribarren;centro;educativo;;rosario;ocampo;de;iribarren;;;;;;;;
centro educativo rosario ocampo de iribarren (ext.aulica esc. n°106- guanchin));esc.;n°106;centro educativo rosario ocampo de iribarren (ext.aulica  - guanchin));centro;educativo;rosario;ocampo;de;iribarren;(ext.aulica;;-;guanchin));;;;;
esc.n°405 padre armando amirati;esc.;n°405;padre armando amirati;padre;armando;amirati;;;;;;;;;;;;
colegio secundario provincial de aminga;colegio;;secundario provincial de aminga;secundario;provincial;de;aminga;;;;;;;;;;;
centro de animacion socio cultural guandacol;;;centro de animacion socio cultural guandacol;centro;de;animacion;socio;cultural;guandacol;;;;;;;;;
centro de apoyo pedagogico n°50;;n°50;centro de apoyo pedagogico;centro;de;apoyo;pedagogico;;;;;;;;;;;
colegio secundario provincial n°05 coronel felipe varela;colegio;n°05;secundario provincial  coronel felipe varela;secundario;provincial;;coronel;felipe;varela;;;;;;;;;
colegio secundario provincial n°06;colegio;n°06;secundario provincial;secundario;provincial;;;;;;;;;;;;;
colegio secundario provincial n°08;colegio;n°08;secundario provincial;secundario;provincial;;;;;;;;;;;;;
colegio secundario provincial n°09;colegio;n°09;secundario provincial;secundario;provincial;;;;;;;;;;;;;
colegio secundario provincial n°10;colegio;n°10;secundario provincial;secundario;provincial;;;;;;;;;;;;;
jardin de infantes n°49 irma otañez de soler;jardin de infantes;n°49;irma otañez de soler;irma;otañez;de;soler;;;;;;;;;;;
jardin de infantes n°46 cristina cortes aldonatte;jardin de infantes;n°46;cristina cortes aldonatte;cristina;cortes;aldonatte;;;;;;;;;;;;
esc.n°407 rofesor delfor tapia;esc.;n°407;rofesor delfor tapia;rofesor;delfor;tapia;;;;;;;;;;;;
jardin de infantes n°48 burbujitas de alegrias;jardin de infantes;n°48;burbujitas de alegrias;burbujitas;de;alegrias;;;;;;;;;;;;
jardin de infantes n°50 divino niño jesus;jardin de infantes;n°50;divino niño jesus;divino;niño;jesus;;;;;;;;;;;;
i.s.f.d. joaquin v.gonzalez (ex esc.normal);esc.;;i.s.f.d. joaquin v.gonzalez (ex normal);i.s.f.d.;joaquin;v.gonzalez;(ex;normal);;;;;;;;;;
colegio secundario provincial n°11;colegio;n°11;secundario provincial;secundario;provincial;;;;;;;;;;;;;
colegio secundario provincial n°12;colegio;n°12;secundario provincial;secundario;provincial;;;;;;;;;;;;;
colegio secundario provincial n°12 (esc.n°199);colegio;n°12;secundario provincial  ();secundario;provincial;;();;;;;;;;;;;
colegio secundario provincial n°13;colegio;n°13;secundario provincial;secundario;provincial;;;;;;;;;;;;;
colegio secundario provincial n°13 (esc.n°230);colegio;n°13;secundario provincial  ();secundario;provincial;;();;;;;;;;;;;
i.s.f.d. dr.pedro ignacio de castro barros (ex esc.normal);esc.;;i.s.f.d. dr.pedro ignacio de castro barros (ex normal);i.s.f.d.;dr.pedro;ignacio;de;castro;barros;(ex;normal);;;;;;;
esc.n°408;esc.;n°408;;;;;;;;;;;;;;;;
esc.n°409;esc.;n°409;;;;;;;;;;;;;;;;
instituto privado arco iris;instituto;;privado arco iris;privado;arco;iris;;;;;;;;;;;;
jardin de infantes n°51;jardin de infantes;n°51;;;;;;;;;;;;;;;;
colegio secundario provincial el cadillo ;colegio;;secundario provincial el cadillo;secundario;provincial;el;cadillo;;;;;;;;;;;
colegio secundario provincial el cadillo  (esc.n°272 v.lopez);colegio;n°272;secundario provincial el cadillo  ( v.lopez);secundario;provincial;el;cadillo;;(;v.lopez);;;;;;;;
colegio secundario provincial el cadillo  (esc.n°205);colegio;n°205;secundario provincial el cadillo  ();secundario;provincial;el;cadillo;;();;;;;;;;;
colegio secundario provincial el cadillo  (esc.n°112 delia d. de gatica);colegio;n°112;secundario provincial el cadillo  ( delia d. de gatica);secundario;provincial;el;cadillo;;(;delia;d.;de;gatica);;;;;
colegio secundario provincial el cadillo  (esc.n°207 caudillos riojano);colegio;n°207;secundario provincial el cadillo  ( caudillos riojano);secundario;provincial;el;cadillo;;(;caudillos;riojano);;;;;;;
colegio secundario provincial  el cadillo (esc.317);colegio;;secundario provincial  el cadillo (317);secundario;provincial;;el;cadillo;(317);;;;;;;;;
colegio secundario provincial  el cadillo (esc.390);colegio;;secundario provincial  el cadillo (390);secundario;provincial;;el;cadillo;(390);;;;;;;;;
jardin maternal municipal niño jesus;;;jardin maternal municipal niño jesus;jardin;maternal;municipal;niño;jesus;;;;;;;;;;
esc.n°264 pbro.luis torres molina;esc.;n°264;pbro.luis torres molina;pbro.luis;torres;molina;;;;;;;;;;;;
jardin de infantes n° 81 gregorio cavero (ex municipal);jardin de infantes;;n° 81 gregorio cavero (ex municipal);n°;81;gregorio;cavero;(ex;municipal);;;;;;;;;
colegio provincial n°07;colegio;n°07;provincial;provincial;;;;;;;;;;;;;;
esc.n°410;esc.;n°410;;;;;;;;;;;;;;;;
jardin de infantes n°52;jardin de infantes;n°52;;;;;;;;;;;;;;;;
unidad educativa del spp(servicio penitenciario provincial);;;unidad educativa del spp(servicio penitenciario provincial);unidad;educativa;del;spp(servicio;penitenciario;provincial);;;;;;;;;
jardin de infantes privado santa cecilia;jardin de infantes;;privado santa cecilia;privado;santa;cecilia;;;;;;;;;;;;
c.a.p. n°53;;n°53;c.a.p.;c.a.p.;;;;;;;;;;;;;;
colegio provincial n°14;colegio;n°14;provincial;provincial;;;;;;;;;;;;;;
colegio provincial de anjullon;colegio;;provincial de anjullon;provincial;de;anjullon;;;;;;;;;;;;
colegio nacional agrotecnico ing. julio cesar martinez;colegio;;nacional agrotecnico ing. julio cesar martinez;nacional;agrotecnico;ing.;julio;cesar;martinez;;;;;;;;;
jardin de infantes n°53;jardin de infantes;n°53;;;;;;;;;;;;;;;;
esc.n°412;esc.;n°412;;;;;;;;;;;;;;;;
esc.n°413;esc.;n°413;;;;;;;;;;;;;;;;
i.s.f.d y t de guandacol;;;i.s.f.d y t de guandacol;i.s.f.d;y;t;de;guandacol;;;;;;;;;;
i.s.f.t.p. de pituil;;;i.s.f.t.p. de pituil;i.s.f.t.p.;de;pituil;;;;;;;;;;;;
esc.n°411;esc.;n°411;;;;;;;;;;;;;;;;
jardin materno infantil jugando;;;jardin materno infantil jugando;jardin;materno;infantil;jugando;;;;;;;;;;;
jardin de infantes n°55 prof.rita cristina rubiolo;jardin de infantes;n°55;prof.rita cristina rubiolo;prof.rita;cristina;rubiolo;;;;;;;;;;;;
esc.n°414;esc.;n°414;;;;;;;;;;;;;;;;
jardin de infantes n°57;jardin de infantes;n°57;;;;;;;;;;;;;;;;
jardin de infantes n°58;jardin de infantes;n°58;;;;;;;;;;;;;;;;
jardin de infantes n°54 virgen del campanario;jardin de infantes;n°54;virgen del campanario;virgen;del;campanario;;;;;;;;;;;;
jardin maternal e inicial happy kid;;;jardin maternal e inicial happy kid;jardin;maternal;e;inicial;happy;kid;;;;;;;;;
jardin de infantes n°60;jardin de infantes;n°60;;;;;;;;;;;;;;;;
jardin de infantes n°56;jardin de infantes;n°56;;;;;;;;;;;;;;;;
esc.n°415;esc.;n°415;;;;;;;;;;;;;;;;
jardin de infantes n°63;jardin de infantes;n°63;;;;;;;;;;;;;;;;
jardin de infantes n°61;jardin de infantes;n°61;;;;;;;;;;;;;;;;
jardín de infantes n°62;;n°62;jardín de infantes;jardín;de;infantes;;;;;;;;;;;;
jardin de infantes n°62 anexo virgen de los cerros;jardin de infantes;n°62;anexo virgen de los cerros;anexo;virgen;de;los;cerros;;;;;;;;;;
colegio secundario provincial n°15;colegio;n°15;secundario provincial;secundario;provincial;;;;;;;;;;;;;
colegio secundario - altos de chilecito;colegio;;secundario - altos de chilecito;secundario;-;altos;de;chilecito;;;;;;;;;;
jardin de infantes n°64 gladys tomasa candia de palma;jardin de infantes;n°64;gladys tomasa candia de palma;gladys;tomasa;candia;de;palma;;;;;;;;;;
jardin de infantes n°59;jardin de infantes;n°59;;;;;;;;;;;;;;;;
jardin de infantes (gestión comunitaria);jardin de infantes;;(gestión comunitaria);(gestión;comunitaria);;;;;;;;;;;;;
jardin de infantes n°65 (ex anexo escuela normal juan facundo quiroga chepes);jardin de infantes;n°65;(ex anexo  normal juan facundo quiroga chepes);(ex;anexo;;normal;juan;facundo;quiroga;chepes);;;;;;;
jardín de infantes extensión mascasin / la calera;;;jardín de infantes extensión mascasin / la calera;jardín;de;infantes;extensión;mascasin;/;la;calera;;;;;;;
jardin de infantes n°67;jardin de infantes;n°67;;;;;;;;;;;;;;;;
cesser semillita;;;cesser semillita;cesser;semillita;;;;;;;;;;;;;
centro de educacion de jovenes y adultos;;;centro de educacion de jovenes y adultos;centro;de;educacion;de;jovenes;y;adultos;;;;;;;;
centro de animación socio cultural olta;;;centro de animación socio cultural olta;centro;de;animación;socio;cultural;olta;;;;;;;;;
jardin de infantes n°66;jardin de infantes;n°66;;;;;;;;;;;;;;;;
educacion domiciliaria y hospitalaria;;;educacion domiciliaria y hospitalaria;educacion;domiciliaria;y;hospitalaria;;;;;;;;;;;
jardin de infantes n°069;jardin de infantes;n°069;;;;;;;;;;;;;;;;
esc.n°416;esc.;n°416;;;;;;;;;;;;;;;;
jardin de infantes n°071;jardin de infantes;n°071;;;;;;;;;;;;;;;;
colegio provincial n°18;colegio;n°18;provincial;provincial;;;;;;;;;;;;;;
jardin de infantes n°070;jardin de infantes;n°070;;;;;;;;;;;;;;;;
jardin de infantes n°68;jardin de infantes;n°68;;;;;;;;;;;;;;;;
colegio provincial n°17 barrio talacan;colegio;n°17;provincial  barrio talacan;provincial;;barrio;talacan;;;;;;;;;;;
escuela de formacion integral en el taller mi nuevo sueño;escuela;;de formacion integral en el taller mi nuevo sueño;de;formacion;integral;en;el;taller;mi;nuevo;sueño;;;;;;
jardin de infantes n°72 prof. lelia mirta marasco de bilmezis;jardin de infantes;n°72;prof. lelia mirta marasco de bilmezis;prof.;lelia;mirta;marasco;de;bilmezis;;;;;;;;;
jardin de infantes n°75;jardin de infantes;n°75;;;;;;;;;;;;;;;;
colegio provincial n°19;colegio;n°19;provincial;provincial;;;;;;;;;;;;;;
esc.417;esc.;;417;417;;;;;;;;;;;;;;
jardin de infantes n°73;jardin de infantes;n°73;;;;;;;;;;;;;;;;
jardin de infantes n°74;jardin de infantes;n°74;;;;;;;;;;;;;;;;
instituto privado empresarial joaquin camaño;instituto;;privado empresarial joaquin camaño;privado;empresarial;joaquin;camaño;;;;;;;;;;;
instituto de educación técnica n°1;instituto;n°1;de educación técnica;de;educación;técnica;;;;;;;;;;;;
escuela rural municipal n°3 puerto alegre;escuela;n°3;rural municipal  puerto alegre;rural;municipal;;puerto;alegre;;;;;;;;;;
jardin de infantes n°78;jardin de infantes;n°78;;;;;;;;;;;;;;;;
jardin de infantes n°82;jardin de infantes;n°82;;;;;;;;;;;;;;;;
jardin de infantes n°77 procrear 2;jardin de infantes;n°77;procrear 2;procrear;2;;;;;;;;;;;;;
colegio provincial n°20;colegio;n°20;provincial;provincial;;;;;;;;;;;;;;
escuela n°418 b°los obreros;escuela;n°418;b°los obreros;b°los;obreros;;;;;;;;;;;;;
jardin maternal de educacion inicial primer ciclo n°4dr. santos danon;;n°4;jardin maternal de educacion inicial primer ciclo dr. santos danon;jardin;maternal;de;educacion;inicial;primer;ciclo;dr.;santos;danon;;;;;
jardin de infantes n°83;jardin de infantes;n°83;;;;;;;;;;;;;;;;
colegio secundario provincial n°21 (itinerante el barreal-san lorenzo) ;colegio;n°21;secundario provincial  (itinerante el barreal-san lorenzo);secundario;provincial;;(itinerante;el;barreal-san;lorenzo);;;;;;;;
j.i.n.n°10;;n°10;j.i.n.;j.i.n.;;;;;;;;;;;;;;
j.i.n. n°10 anexo 01 (esc.318);esc.;n°10;j.i.n.  anexo 01 (318);j.i.n.;;anexo;01;(318);;;;;;;;;;
j.i.n. n°10 anexo 02 (esc.119);esc.;n°10;j.i.n.  anexo 02 (119);j.i.n.;;anexo;02;(119);;;;;;;;;;
j.i.n.n°10 anexo 03 (esc.346);esc.;n°10;j.i.n. anexo 03 (346);j.i.n.;anexo;03;(346);;;;;;;;;;;
j.i.n.n°10 anexo 04 (esc.79);esc.;n°10;j.i.n. anexo 04 (79);j.i.n.;anexo;04;(79);;;;;;;;;;;
j.i.n.n°10 anexo 05 (esc.171);esc.;n°10;j.i.n. anexo 05 (171);j.i.n.;anexo;05;(171);;;;;;;;;;;
j.i.n.n°10 anexo 06 (esc.168);esc.;n°10;j.i.n. anexo 06 (168);j.i.n.;anexo;06;(168);;;;;;;;;;;
j.i.n. n°10 anexo 7 (esc.366);esc.;n°10;j.i.n.  anexo 7 (366);j.i.n.;;anexo;7;(366);;;;;;;;;;
centro de animación socio cultural;;;centro de animación socio cultural;centro;de;animación;socio;cultural;;;;;;;;;;
j.i.n.n°11;;n°11;j.i.n.;j.i.n.;;;;;;;;;;;;;;
j.i.n.n°11 extensión 01;;n°11;j.i.n. extensión 01;j.i.n.;extensión;01;;;;;;;;;;;;
j.i.n.n°11 extensión 02;;n°11;j.i.n. extensión 02;j.i.n.;extensión;02;;;;;;;;;;;;
j.i.n.n°11 extensión 03;;n°11;j.i.n. extensión 03;j.i.n.;extensión;03;;;;;;;;;;;;
j.i.n.n°11 extensión 04;;n°11;j.i.n. extensión 04;j.i.n.;extensión;04;;;;;;;;;;;;
j.i.n.n°11 extensión 05;;n°11;j.i.n. extensión 05;j.i.n.;extensión;05;;;;;;;;;;;;
j.i.n.n°11 extension 07;;n°11;j.i.n. extension 07;j.i.n.;extension;07;;;;;;;;;;;;
j.i.n.n°11 extension 08;;n°11;j.i.n. extension 08;j.i.n.;extension;08;;;;;;;;;;;;
escuela común para el nivel primario de gestión privada liliana agra ;escuela;;común para el nivel primario de gestión privada liliana agra;común;para;el;nivel;primario;de;gestión;privada;liliana;agra;;;;;
centro de animación socio cultural tama;;;centro de animación socio cultural tama;centro;de;animación;socio;cultural;tama;;;;;;;;;
centro de animacion socio cultural de la rioja capital;;;centro de animacion socio cultural de la rioja capital;centro;de;animacion;socio;cultural;de;la;rioja;capital;;;;;;
colegio secundario provincial n°22;colegio;n°22;secundario provincial;secundario;provincial;;;;;;;;;;;;;
instituto superior de formación técnico profesional;instituto;;superior de formación técnico profesional;superior;de;formación;técnico;profesional;;;;;;;;;;
instituto privado de nivel inicial santa angela de merici;instituto;;privado de nivel inicial santa angela de merici;privado;de;nivel;inicial;santa;angela;de;merici;;;;;;;
jardin maternal chaha de yoma;;;jardin maternal chaha de yoma;jardin;maternal;chaha;de;yoma;;;;;;;;;;
jardin de infantes n°84;jardin de infantes;n°84;;;;;;;;;;;;;;;;
jardin de infantes n°85;jardin de infantes;n°85;;;;;;;;;;;;;;;;
jardin de infantes n°86;jardin de infantes;n°86;;;;;;;;;;;;;;;;
plan fines - modalidad de educacion permanente de jovenes y adultos;;;plan fines - modalidad de educacion permanente de jovenes y adultos;plan;fines;-;modalidad;de;educacion;permanente;de;jovenes;y;adultos;;;;
fines 2 - (esc.mun. n°1 j. m. fangio);esc.;n°1;fines 2 - (mun.  j. m. fangio);fines;2;-;(mun.;;j.;m.;fangio);;;;;;;
fines 2 - (esc.n°054 pcia de buenos aires);esc.;n°054;fines 2 - ( pcia de buenos aires);fines;2;-;(;pcia;de;buenos;aires);;;;;;;
fines 2 - (esc. 407 prof. r.d.tapia);esc.;;fines 2 - ( 407 prof. r.d.tapia);fines;2;-;(;407;prof.;r.d.tapia);;;;;;;;
fines 2 - (colegio 12);colegio;;fines 2 - ( 12);fines;2;-;(;12);;;;;;;;;;
fines 2 - (colegio 15);colegio;;fines 2 - ( 15);fines;2;-;(;15);;;;;;;;;;
fines 2 - (esc. 410);esc.;;fines 2 - ( 410);fines;2;-;(;410);;;;;;;;;;
fines 2 - (madre maravilla);;;fines 2 - (madre maravilla);fines;2;-;(madre;maravilla);;;;;;;;;;
fines 2 - (colegio pre-universitario san martin);colegio;;fines 2 - ( pre-universitario san martin);fines;2;-;(;pre-universitario;san;martin);;;;;;;;
fines 2 - (centro terapeutico makipura);;;fines 2 - (centro terapeutico makipura);fines;2;-;(centro;terapeutico;makipura);;;;;;;;;
fines 2 - (servicio penitenciario provincial);;;fines 2 - (servicio penitenciario provincial);fines;2;-;(servicio;penitenciario;provincial);;;;;;;;;
fines 2 - (centro terapeutico revivir);;;fines 2 - (centro terapeutico revivir);fines;2;-;(centro;terapeutico;revivir);;;;;;;;;
fines 2 - (fundacion padre praolini);;;fines 2 - (fundacion padre praolini);fines;2;-;(fundacion;padre;praolini);;;;;;;;;
fines 2 - (centro vecinal bª 20 de mayo);;;fines 2 - (centro vecinal bª 20 de mayo);fines;2;-;(centro;vecinal;bª;20;de;mayo);;;;;;
fines 2 - (comunidad niño alcalde b°tambor de tacuari);;;fines 2 - (comunidad niño alcalde b°tambor de tacuari);fines;2;-;(comunidad;niño;alcalde;b°tambor;de;tacuari);;;;;;
fines 2 - (esc. n°201 el quebracho);esc.;n°201;fines 2 - (  el quebracho);fines;2;-;(;;el;quebracho);;;;;;;;
fines 2 - (esc.n°11 provincia de tucuman);esc.;n°11;fines 2 - ( provincia de tucuman);fines;2;-;(;provincia;de;tucuman);;;;;;;;
fines 2 - (colegio provincial pbro. virgilio c. ferreyra);colegio;;fines 2 - ( provincial pbro. virgilio c. ferreyra);fines;2;-;(;provincial;pbro.;virgilio;c.;ferreyra);;;;;;
fines 2 - (esc.n°19 domingo mathieu-aminga);esc.;n°19;fines 2 - ( domingo mathieu-aminga);fines;2;-;(;domingo;mathieu-aminga);;;;;;;;;
fines 2 - (esc. n°14 jose justo de urquiza-chañar);esc.;n°14;fines 2 - (  jose justo de urquiza-chañar);fines;2;-;(;;jose;justo;de;urquiza-chañar);;;;;;
fines 2 - (esc.n°239 agueda pizarro-la calera);esc.;n°239;fines 2 - ( agueda pizarro-la calera);fines;2;-;(;agueda;pizarro-la;calera);;;;;;;;
fines 2 - (esc. 95 eusebio toledo vega-ñoqueve);esc.;;fines 2 - ( 95 eusebio toledo vega-ñoqueve);fines;2;-;(;95;eusebio;toledo;vega-ñoqueve);;;;;;;
fines 2 - (col.sec.intendente elizondo-nacate);;;fines 2 - (col.sec.intendente elizondo-nacate);fines;2;-;(col.sec.intendente;elizondo-nacate);;;;;;;;;;
fines 2 - (colegio secundario guandacol);colegio;;fines 2 - ( secundario guandacol);fines;2;-;(;secundario;guandacol);;;;;;;;;
fines 2 - (col. sec. loma blanca);;;fines 2 - (col. sec. loma blanca);fines;2;-;(col.;sec.;loma;blanca);;;;;;;;
fines 2 - (punto digital - patquia);;;fines 2 - (punto digital - patquia);fines;2;-;(punto;digital;-;patquia);;;;;;;;
fines 2 - (esc.n°164 juana loreto de arguello;esc.;n°164;fines 2 - ( juana loreto de arguello;fines;2;-;(;juana;loreto;de;arguello;;;;;;;
fines 2 - (esc. municipal n°1 j.m. fangio);esc.;n°1;fines 2 - ( municipal  j.m. fangio);fines;2;-;(;municipal;;j.m.;fangio);;;;;;;
fines 2 - (esc. esp. n°371 maria madre del buen camino;esc.;n°371;fines 2 - ( esp.  maria madre del buen camino;fines;2;-;(;esp.;;maria;madre;del;buen;camino;;;;
fines 2 - (esc. esp. n°383 de formacion laboral;esc.;n°383;fines 2 - ( esp.  de formacion laboral;fines;2;-;(;esp.;;de;formacion;laboral;;;;;;
fines 2 - (esc. n 308 dardo de la vega diaz-san lorenzo);esc.;;fines 2 - ( n 308 dardo de la vega diaz-san lorenzo);fines;2;-;(;n;308;dardo;de;la;vega;diaz-san;lorenzo);;;
fines 2 - (punto digital - patquia);;;fines 2 - (punto digital - patquia);fines;2;-;(punto;digital;-;patquia);;;;;;;;
esc.normal superior joaquin v.gonzalez(nivel inicial);esc.;;normal superior joaquin v.gonzalez(nivel inicial);normal;superior;joaquin;v.gonzalez(nivel;inicial);;;;;;;;;;
esc.normal superior joaquin v.gonzalez(nivel primario);esc.;;normal superior joaquin v.gonzalez(nivel primario);normal;superior;joaquin;v.gonzalez(nivel;primario);;;;;;;;;;
esc.normal superior dr.pedro ignacio de castro barros(nivel inicial);esc.;;normal superior dr.pedro ignacio de castro barros(nivel inicial);normal;superior;dr.pedro;ignacio;de;castro;barros(nivel;inicial);;;;;;;
esc.normal superior dr.pedro ignacio de castro barros(nivel primario);esc.;;normal superior dr.pedro ignacio de castro barros(nivel primario);normal;superior;dr.pedro;ignacio;de;castro;barros(nivel;primario);;;;;;;
esc.normal superior juan facundo quiroga(nivel primario);esc.;;normal superior juan facundo quiroga(nivel primario);normal;superior;juan;facundo;quiroga(nivel;primario);;;;;;;;;
esc.normal dr. jose santos salinas(nivel primario);esc.;;normal dr. jose santos salinas(nivel primario);normal;dr.;jose;santos;salinas(nivel;primario);;;;;;;;;
colegio universitario gral.san martin;colegio;;universitario gral.san martin;universitario;gral.san;martin;;;;;;;;;;;;
