categoria;nombre;provincia_nombre;Token0;Token1;Token2;Token3;Token4;Token5;Token6
PJE;pje estudiante;La Rioja;pje;estudiante;;;;;
CALLE;20 de mayo;La Rioja;20;de;mayo;;;;
CALLE;1 de enero;La Rioja;1;de;enero;;;;
CALLE;10 de julio;La Rioja;10;de;julio;;;;
CALLE;aconcagua;La Rioja;aconcagua;;;;;;
CALLE;alfonsina storini;La Rioja;alfonsina;storini;;;;;
CALLE;antartida argentina;La Rioja;antartida;argentina;;;;;
CALLE;atlantico sur;La Rioja;atlantico;sur;;;;;
AV;av benavidez;La Rioja;av;benavidez;;;;;
CALLE;calle publica n 1;La Rioja;calle;publica;n;1;;;
CALLE;calle s n;La Rioja;calle;s;n;;;;
RUTA;ex ruta nac 75;La Rioja;ex;ruta;nac;75;;;
CALLE;raul salas;La Rioja;raul;salas;;;;;
CALLE;severo chumbita;La Rioja;severo;chumbita;;;;;
CALLE;acosta;La Rioja;acosta;;;;;;
CALLE;aimogasta;La Rioja;aimogasta;;;;;;
CALLE;antonio tanquia;La Rioja;antonio;tanquia;;;;;
CALLE;arenales;La Rioja;arenales;;;;;;
CALLE;atenas;La Rioja;atenas;;;;;;
CALLE;cerro ancasti;La Rioja;cerro;ancasti;;;;;
CALLE;comechingones;La Rioja;comechingones;;;;;;
CALLE;cont bolivar;La Rioja;cont;bolivar;;;;;
CALLE;costanera;La Rioja;costanera;;;;;;
CALLE;gdor de la fuente;La Rioja;gdor;de;la;fuente;;;
CALLE;german oliva;La Rioja;german;oliva;;;;;
CALLE;guillermo treolar;La Rioja;guillermo;treolar;;;;;
CALLE;igr mosconi;La Rioja;igr;mosconi;;;;;
CALLE;juan andres velardez;La Rioja;juan;andres;velardez;;;;
CALLE;juan melis;La Rioja;juan;melis;;;;;
CALLE;leandro villafane;La Rioja;leandro;villafane;;;;;
CALLE;libra;La Rioja;libra;;;;;;
CALLE;maria eugenia ruarte;La Rioja;maria;eugenia;ruarte;;;;
CALLE;nuestra sra de la caridad;La Rioja;nuestra;sra;de;la;caridad;;
CALLE;carlos menem jr;La Rioja;carlos;menem;jr;;;;
CALLE;peat 9;La Rioja;peat;9;;;;;
CALLE;cjon 1;La Rioja;cjon;1;;;;;
CALLE;cjon 2;La Rioja;cjon;2;;;;;
CALLE;curupaiti;La Rioja;curupaiti;;;;;;
PJE;pje s n;La Rioja;pje;s;n;;;;
CALLE;de la vega calderon;La Rioja;de;la;vega;calderon;;;
CALLE;dr ricardo leal;La Rioja;dr;ricardo;leal;;;;
CALLE;prof eduardo fuentes;La Rioja;prof;eduardo;fuentes;;;;
CALLE;eva peron;La Rioja;eva;peron;;;;;
CALLE;puerto nuevo;La Rioja;puerto;nuevo;;;;;
CALLE;guayaquil;La Rioja;guayaquil;;;;;;
CALLE;rio de janeiro;La Rioja;rio;de;janeiro;;;;
CALLE;indio bamba;La Rioja;indio;bamba;;;;;
CALLE;roger balet;La Rioja;roger;balet;;;;;
CALLE;jose peralta;La Rioja;jose;peralta;;;;;
CALLE;junin;La Rioja;junin;;;;;;
CALLE;leonidas carreno;La Rioja;leonidas;carreno;;;;;
CALLE;sgt aguilar;La Rioja;sgt;aguilar;;;;;
CALLE;tehuelches;La Rioja;tehuelches;;;;;;
CALLE;olta;La Rioja;olta;;;;;;
CALLE;quilmes;La Rioja;quilmes;;;;;;
CALLE;cacique cabanay;La Rioja;cacique;cabanay;;;;;
CALLE;rio bermejo;La Rioja;rio;bermejo;;;;;
CALLE;rodadera;La Rioja;rodadera;;;;;;
CALLE;san andres;La Rioja;san;andres;;;;;
CALLE;sarandi;La Rioja;sarandi;;;;;;
CALLE;f davila;La Rioja;f;davila;;;;;
CALLE;facundo quiroga;La Rioja;facundo;quiroga;;;;;
CALLE;talcahuano;La Rioja;talcahuano;;;;;;
CALLE;dr roberto yaryura;La Rioja;dr;roberto;yaryura;;;;
CALLE;26 de julio;La Rioja;26;de;julio;;;;
CALLE;san agustin;La Rioja;san;agustin;;;;;
CALLE;san vicente;La Rioja;san;vicente;;;;;
CALLE;25 de mayo;La Rioja;25;de;mayo;;;;
CALLE;8 de diciembre;La Rioja;8;de;diciembre;;;;
CALLE;9 de julio;La Rioja;9;de;julio;;;;
CALLE;9 de octubre;La Rioja;9;de;octubre;;;;
CALLE;alberdi;La Rioja;alberdi;;;;;;
AV;av 24 de mayo;La Rioja;av;24;de;mayo;;;
AV;av castro barros;La Rioja;av;castro;barros;;;;
CALLE;benjamin herrera;La Rioja;benjamin;herrera;;;;;
AV;av san francisco;La Rioja;av;san;francisco;;;;
CALLE;buenos aires;La Rioja;buenos;aires;;;;;
CALLE;calle 10;La Rioja;calle;10;;;;;
CALLE;calle 12;La Rioja;calle;12;;;;;
CALLE;calle 13;La Rioja;calle;13;;;;;
CALLE;calle 14;La Rioja;calle;14;;;;;
CALLE;calle 15;La Rioja;calle;15;;;;;
CALLE;calle 16;La Rioja;calle;16;;;;;
CALLE;calle 17;La Rioja;calle;17;;;;;
CALLE;calle 18;La Rioja;calle;18;;;;;
CALLE;calle 19;La Rioja;calle;19;;;;;
CALLE;calle 2;La Rioja;calle;2;;;;;
CALLE;calle 22;La Rioja;calle;22;;;;;
CALLE;calle 23;La Rioja;calle;23;;;;;
CALLE;calle 24;La Rioja;calle;24;;;;;
CALLE;calle 25;La Rioja;calle;25;;;;;
CALLE;calle 3;La Rioja;calle;3;;;;;
CALLE;calle 4;La Rioja;calle;4;;;;;
CALLE;calle 5;La Rioja;calle;5;;;;;
CALLE;calle 6;La Rioja;calle;6;;;;;
CALLE;calle 60;La Rioja;calle;60;;;;;
CALLE;calle 7;La Rioja;calle;7;;;;;
CALLE;calle 8;La Rioja;calle;8;;;;;
CALLE;calle 9;La Rioja;calle;9;;;;;
CALLE;calle del bordo;La Rioja;calle;del;bordo;;;;
CALLE;calle del cristo;La Rioja;calle;del;cristo;;;;
CALLE;calle del norte;La Rioja;calle;del;norte;;;;
CALLE;calle principal;La Rioja;calle;principal;;;;;
CALLE;casimiro godoy;La Rioja;casimiro;godoy;;;;;
CALLE;catamarca;La Rioja;catamarca;;;;;;
CALLE;celedonia romero;La Rioja;celedonia;romero;;;;;
CALLE;chachiro quinteros;La Rioja;chachiro;quinteros;;;;;
CALLE;colectora ruta pcial 9;La Rioja;colectora;ruta;pcial;9;;;
CALLE;cordoba;La Rioja;cordoba;;;;;;
CALLE;cristobal colon;La Rioja;cristobal;colon;;;;;
CALLE;dardo de la vega diaz;La Rioja;dardo;de;la;vega;diaz;;
CALLE;dorrego;La Rioja;dorrego;;;;;;
CALLE;dr bellone;La Rioja;dr;bellone;;;;;
CALLE;eduardo cordoba;La Rioja;eduardo;cordoba;;;;;
CALLE;espectacion de avila;La Rioja;espectacion;de;avila;;;;
CALLE;gregorio cravero;La Rioja;gregorio;cravero;;;;;
CALLE;h albini;La Rioja;h;albini;;;;;
CALLE;hipolito yrigoyen;La Rioja;hipolito;yrigoyen;;;;;
CALLE;hnos toledo;La Rioja;hnos;toledo;;;;;
CALLE;humberto romero;La Rioja;humberto;romero;;;;;
CALLE;imeldr romero;La Rioja;imeldr;romero;;;;;
CALLE;iribarren;La Rioja;iribarren;;;;;;
CALLE;islas malvinas;La Rioja;islas;malvinas;;;;;
CALLE;jesus olguin;La Rioja;jesus;olguin;;;;;
CALLE;joaquin v gonzalez;La Rioja;joaquin;v;gonzalez;;;;
CALLE;juan de dios chumbita;La Rioja;juan;de;dios;chumbita;;;
CALLE;juan domingo peron;La Rioja;juan;domingo;peron;;;;
CALLE;juan romero;La Rioja;juan;romero;;;;;
CALLE;juan vega;La Rioja;juan;vega;;;;;
CALLE;julio cesar corzo;La Rioja;julio;cesar;corzo;;;;
CALLE;l m de la fuente;La Rioja;l;m;de;la;fuente;;
CALLE;la plata;La Rioja;la;plata;;;;;
CALLE;leopoldo lugones;La Rioja;leopoldo;lugones;;;;;
CALLE;mabel pichana martinez;La Rioja;mabel;pichana;martinez;;;;
CALLE;manuel belgrano;La Rioja;manuel;belgrano;;;;;
CALLE;martinez;La Rioja;martinez;;;;;;
CALLE;mercedes romero;La Rioja;mercedes;romero;;;;;
CALLE;misiones;La Rioja;misiones;;;;;;
CALLE;monsenor angelelli;La Rioja;monsenor;angelelli;;;;;
CALLE;nicolas fernandez;La Rioja;nicolas;fernandez;;;;;
CALLE;omar de la fuente;La Rioja;omar;de;la;fuente;;;
CALLE;paraguay;La Rioja;paraguay;;;;;;
PJE;pje brigida;La Rioja;pje;brigida;;;;;
PJE;pje sr de la pena;La Rioja;pje;sr;de;la;pena;;
PJE;pje victoria galvan;La Rioja;pje;victoria;galvan;;;;
PJE;pje virgen de lujan;La Rioja;pje;virgen;de;lujan;;;
CALLE;prof cavero;La Rioja;prof;cavero;;;;;
CALLE;prol san martin;La Rioja;prol;san;martin;;;;
CALLE;resistencia;La Rioja;resistencia;;;;;;
CALLE;roberto diaz;La Rioja;roberto;diaz;;;;;
CALLE;rosario v penaloza;La Rioja;rosario;v;penaloza;;;;
RUTA;ruta de la produccion;La Rioja;ruta;de;la;produccion;;;
RUTA;ruta nac 60;La Rioja;ruta;nac;60;;;;
RUTA;ruta pcial 1;La Rioja;ruta;pcial;1;;;;
RUTA;ruta pcial 9;La Rioja;ruta;pcial;9;;;;
RUTA;ruta vieja;La Rioja;ruta;vieja;;;;;
CALLE;saenz pena;La Rioja;saenz;pena;;;;;
CALLE;san martin;La Rioja;san;martin;;;;;
CALLE;santa fe;La Rioja;santa;fe;;;;;
CALLE;santa rosa;La Rioja;santa;rosa;;;;;
CALLE;santiago del estero;La Rioja;santiago;del;estero;;;;
CALLE;sarmiento;La Rioja;sarmiento;;;;;;
CALLE;v a almonacid;La Rioja;v;a;almonacid;;;;
CALLE;calle al olvido;La Rioja;calle;al;olvido;;;;
CALLE;calle del transformador;La Rioja;calle;del;transformador;;;;
CALLE;calle n 1;La Rioja;calle;n;1;;;;
CALLE;calle n 12;La Rioja;calle;n;12;;;;
CALLE;calle n 14;La Rioja;calle;n;14;;;;
CALLE;calle n 16;La Rioja;calle;n;16;;;;
CALLE;calle n 2;La Rioja;calle;n;2;;;;
CALLE;calle n 4;La Rioja;calle;n;4;;;;
CALLE;calle n 5;La Rioja;calle;n;5;;;;
CALLE;calle principal de arauco;La Rioja;calle;principal;de;arauco;;;
CALLE;calle publica;La Rioja;calle;publica;;;;;
CALLE;callejon;La Rioja;callejon;;;;;;
CALLE;chubut;La Rioja;chubut;;;;;;
CALLE;espana;La Rioja;espana;;;;;;
CALLE;jose hernandez;La Rioja;jose;hernandez;;;;;
CALLE;las heras;La Rioja;las;heras;;;;;
CALLE;martin fierro;La Rioja;martin;fierro;;;;;
CALLE;roma;La Rioja;roma;;;;;;
CALLE;narciso laprida;La Rioja;narciso;laprida;;;;;
CALLE;1 de marzo;La Rioja;1;de;marzo;;;;
CALLE;1 de mayo;La Rioja;1;de;mayo;;;;
CALLE;11 de agosto;La Rioja;11;de;agosto;;;;
CALLE;11 de septiembre;La Rioja;11;de;septiembre;;;;
CALLE;13 de julio;La Rioja;13;de;julio;;;;
CALLE;17 de agosto;La Rioja;17;de;agosto;;;;
CALLE;1ra junta;La Rioja;1ra;junta;;;;;
CALLE;20 de junio;La Rioja;20;de;junio;;;;
CALLE;22 de julio;La Rioja;22;de;julio;;;;
CALLE;29 de octubre;La Rioja;29;de;octubre;;;;
CALLE;30 de septiembre;La Rioja;30;de;septiembre;;;;
CALLE;5 de octubre;La Rioja;5;de;octubre;;;;
CALLE;abel bazan y bustos;La Rioja;abel;bazan;y;bustos;;;
PJE;albert einstein;La Rioja;albert;einstein;;;;;
CALLE;aconquija;La Rioja;aconquija;;;;;;
CALLE;acuario;La Rioja;acuario;;;;;;
CALLE;adan molina;La Rioja;adan;molina;;;;;
CALLE;adolfo bioy casares;La Rioja;adolfo;bioy;casares;;;;
CALLE;adolfo e davila;La Rioja;adolfo;e;davila;;;;
CALLE;aguero vera;La Rioja;aguero;vera;;;;;
CALLE;agustin bosetti;La Rioja;agustin;bosetti;;;;;
CALLE;alcira luenga;La Rioja;alcira;luenga;;;;;
CALLE;alicia moreau de justo;La Rioja;alicia;moreau;de;justo;;;
CALLE;alonso de las barrancas;La Rioja;alonso;de;las;barrancas;;;
CALLE;alto peru;La Rioja;alto;peru;;;;;
CALLE;alvarez jonte;La Rioja;alvarez;jonte;;;;;
CALLE;alvarez thomas;La Rioja;alvarez;thomas;;;;;
CALLE;amazonia;La Rioja;amazonia;;;;;;
CALLE;america;La Rioja;america;;;;;;
CALLE;americo coco solari;La Rioja;americo;coco;solari;;;;
CALLE;andalgala;La Rioja;andalgala;;;;;;
CALLE;andalucia;La Rioja;andalucia;;;;;;
CALLE;andorra;La Rioja;andorra;;;;;;
CALLE;angel maria vargas;La Rioja;angel;maria;vargas;;;;
CALLE;angel vargas;La Rioja;angel;vargas;;;;;
CALLE;anillaco;La Rioja;anillaco;;;;;;
CALLE;apostol andres;La Rioja;apostol;andres;;;;;
CALLE;apostol bartolome;La Rioja;apostol;bartolome;;;;;
CALLE;apostol felipe;La Rioja;apostol;felipe;;;;;
CALLE;apostol san judas tadeo;La Rioja;apostol;san;judas;tadeo;;;
CALLE;apostol san marcos;La Rioja;apostol;san;marcos;;;;
CALLE;apostol san mateo;La Rioja;apostol;san;mateo;;;;
CALLE;apostol san pablo;La Rioja;apostol;san;pablo;;;;
CALLE;apostol san pedro;La Rioja;apostol;san;pedro;;;;
CALLE;apostol santo tomas;La Rioja;apostol;santo;tomas;;;;
CALLE;apostol simon;La Rioja;apostol;simon;;;;;
CALLE;araucanos;La Rioja;araucanos;;;;;;
CALLE;arauco;La Rioja;arauco;;;;;;
CALLE;archipielago de palmer;La Rioja;archipielago;de;palmer;;;;
CALLE;archipielago e bisco;La Rioja;archipielago;e;bisco;;;;
CALLE;aries;La Rioja;aries;;;;;;
CALLE;artemio moreno;La Rioja;artemio;moreno;;;;;
CALLE;artemio ortiz;La Rioja;artemio;ortiz;;;;;
CALLE;artigas;La Rioja;artigas;;;;;;
CALLE;arturo grimaux;La Rioja;arturo;grimaux;;;;;
CALLE;arturo marasso;La Rioja;arturo;marasso;;;;;
CALLE;ascasubi;La Rioja;ascasubi;;;;;;
CALLE;asp foch;La Rioja;asp;foch;;;;;
CALLE;asp garcia;La Rioja;asp;garcia;;;;;
CALLE;asp vieyra;La Rioja;asp;vieyra;;;;;
CALLE;asuncion;La Rioja;asuncion;;;;;;
AV;av 12 de octubre;La Rioja;av;12;de;octubre;;;
AV;av 2 de abril;La Rioja;av;2;de;abril;;;
AV;av algarrobo blanco;La Rioja;av;algarrobo;blanco;;;;
AV;av angel v penaloza;La Rioja;av;angel;v;penaloza;;;
AV;av angelleli;La Rioja;av;angelleli;;;;;
AV;av carlos saul menem;La Rioja;av;carlos;saul;menem;;;
AV;av cnl felipe varela;La Rioja;av;cnl;felipe;varela;;;
AV;av cordoba;La Rioja;av;cordoba;;;;;
AV;av costanera;La Rioja;av;costanera;;;;;
AV;av del bicentenario;La Rioja;av;del;bicentenario;;;;
AV;av eva duarte de peron;La Rioja;av;eva;duarte;de;peron;;
AV;av felix de la colina;La Rioja;av;felix;de;la;colina;;
AV;av gdor gordillo;La Rioja;av;gdor;gordillo;;;;
AV;av hugo pena;La Rioja;av;hugo;pena;;;;
AV;av juan d peron;La Rioja;av;juan;d;peron;;;
AV;av juan f quiroga;La Rioja;av;juan;f;quiroga;;;
AV;av juan manuel de rosas;La Rioja;av;juan;manuel;de;rosas;;
AV;av juan ramirez de velazco;La Rioja;av;juan;ramirez;de;velazco;;
AV;av laprida;La Rioja;av;laprida;;;;;
AV;av las palmeras;La Rioja;av;las;palmeras;;;;
AV;av leandro n alem;La Rioja;av;leandro;n;alem;;;
AV;av los azahares;La Rioja;av;los;azahares;;;;
AV;av los caudillos;La Rioja;av;los;caudillos;;;;
AV;av los incas;La Rioja;av;los;incas;;;;
AV;av luis vernet;La Rioja;av;luis;vernet;;;;
AV;av martires de la dictadura;La Rioja;av;martires;de;la;dictadura;;
AV;av monteagudo;La Rioja;av;monteagudo;;;;;
AV;av montevideo;La Rioja;av;montevideo;;;;;
AV;av ortiz de ocampo;La Rioja;av;ortiz;de;ocampo;;;
AV;av ramon navarro;La Rioja;av;ramon;navarro;;;;
AV;av rca argentina;La Rioja;av;rca;argentina;;;;
AV;av rene favaloro;La Rioja;av;rene;favaloro;;;;
AV;av san antonio;La Rioja;av;san;antonio;;;;
AV;av san nicolas de bari este;La Rioja;av;san;nicolas;de;bari;este;
AV;av vicente almonacid;La Rioja;av;vicente;almonacid;;;;
AV;av yacampis;La Rioja;av;yacampis;;;;;
CALLE;avellaneda;La Rioja;avellaneda;;;;;;
CALLE;ayacucho;La Rioja;ayacucho;;;;;;
CALLE;ayohuma;La Rioja;ayohuma;;;;;;
CALLE;azcuenaga;La Rioja;azcuenaga;;;;;;
CALLE;aztecas;La Rioja;aztecas;;;;;;
CALLE;bahia margarita;La Rioja;bahia;margarita;;;;;
CALLE;balcarce;La Rioja;balcarce;;;;;;
CALLE;baleares;La Rioja;baleares;;;;;;
CALLE;baltazar aguero;La Rioja;baltazar;aguero;;;;;
CALLE;baltazar jaramillo;La Rioja;baltazar;jaramillo;;;;;
CALLE;barcelona;La Rioja;barcelona;;;;;;
CALLE;barrenechea;La Rioja;barrenechea;;;;;;
CALLE;base almirante brown;La Rioja;base;almirante;brown;;;;
CALLE;base camara;La Rioja;base;camara;;;;;
CALLE;base esperanza;La Rioja;base;esperanza;;;;;
CALLE;base grl belgrano;La Rioja;base;grl;belgrano;;;;
CALLE;base grl san martin;La Rioja;base;grl;san;martin;;;
CALLE;base marambio;La Rioja;base;marambio;;;;;
CALLE;base matienzo;La Rioja;base;matienzo;;;;;
CALLE;base melchor;La Rioja;base;melchor;;;;;
CALLE;base petrel;La Rioja;base;petrel;;;;;
CALLE;base primavera;La Rioja;base;primavera;;;;;
CALLE;beccar varela;La Rioja;beccar;varela;;;;;
CALLE;belen;La Rioja;belen;;;;;;
CALLE;belgrano;La Rioja;belgrano;;;;;;
CALLE;benjamin de la vega;La Rioja;benjamin;de;la;vega;;;
CALLE;benjamin matienzo;La Rioja;benjamin;matienzo;;;;;
CALLE;benjamin rincon;La Rioja;benjamin;rincon;;;;;
CALLE;beruti;La Rioja;beruti;;;;;;
CALLE;bilbao;La Rioja;bilbao;;;;;;
CALLE;blas parera;La Rioja;blas;parera;;;;;
CALLE;blas ponce;La Rioja;blas;ponce;;;;;
CALLE;bogota;La Rioja;bogota;;;;;;
CALLE;bolivar;La Rioja;bolivar;;;;;;
CALLE;bonete;La Rioja;bonete;;;;;;
CALLE;borugas;La Rioja;borugas;;;;;;
CALLE;boulevard los granados;La Rioja;boulevard;los;granados;;;;
CALLE;brasilia;La Rioja;brasilia;;;;;;
CALLE;brea;La Rioja;brea;;;;;;
CALLE;buen pastor;La Rioja;buen;pastor;;;;;
CALLE;bulnes;La Rioja;bulnes;;;;;;
CALLE;burgos;La Rioja;burgos;;;;;;
CALLE;c de rosario;La Rioja;c;de;rosario;;;;
CALLE;caaguazu;La Rioja;caaguazu;;;;;;
CALLE;cacique avallay;La Rioja;cacique;avallay;;;;;
CALLE;cacique ayorca;La Rioja;cacique;ayorca;;;;;
CALLE;cacique coronilla;La Rioja;cacique;coronilla;;;;;
CALLE;cacique chambico;La Rioja;cacique;chambico;;;;;
CALLE;cacique chelenin;La Rioja;cacique;chelenin;;;;;
CALLE;cacique ichumin;La Rioja;cacique;ichumin;;;;;
CALLE;cacique olayon;La Rioja;cacique;olayon;;;;;
CALLE;cadiz;La Rioja;cadiz;;;;;;
CALLE;caja de ahorro;La Rioja;caja;de;ahorro;;;;
CALLE;callao;La Rioja;callao;;;;;;
CALLE;calle 1;La Rioja;calle;1;;;;;
CALLE;calle 20;La Rioja;calle;20;;;;;
CALLE;calle 26;La Rioja;calle;26;;;;;
CALLE;calle publica 2;La Rioja;calle;publica;2;;;;
CALLE;calle publica n 2;La Rioja;calle;publica;n;2;;;
CALLE;calle publica n 3;La Rioja;calle;publica;n;3;;;
CALLE;calle publica n 4;La Rioja;calle;publica;n;4;;;
CALLE;calle publica principal;La Rioja;calle;publica;principal;;;;
CALLE;caminito;La Rioja;caminito;;;;;;
CALLE;campichuelo;La Rioja;campichuelo;;;;;;
CALLE;canada;La Rioja;canada;;;;;;
CALLE;cancha rayada;La Rioja;cancha;rayada;;;;;
CALLE;cap giachino;La Rioja;cap;giachino;;;;;
CALLE;capayan;La Rioja;capayan;;;;;;
CALLE;capdevilla;La Rioja;capdevilla;;;;;;
CALLE;capellan navarro;La Rioja;capellan;navarro;;;;;
CALLE;capricornio;La Rioja;capricornio;;;;;;
CALLE;paysandu;La Rioja;paysandu;;;;;;
CALLE;cardon;La Rioja;cardon;;;;;;
CALLE;caribes;La Rioja;caribes;;;;;;
CALLE;carlos cocha;La Rioja;carlos;cocha;;;;;
CALLE;carlos gardel;La Rioja;carlos;gardel;;;;;
CALLE;carlos joaquin penaloza;La Rioja;carlos;joaquin;penaloza;;;;
CALLE;carlos pellegrini;La Rioja;carlos;pellegrini;;;;;
CALLE;carlos quiroga;La Rioja;carlos;quiroga;;;;;
CALLE;carlos shesho sanchez;La Rioja;carlos;shesho;sanchez;;;;
CALLE;carmelo b valdez;La Rioja;carmelo;b;valdez;;;;
CALLE;carmen de barrionuevo;La Rioja;carmen;de;barrionuevo;;;;
PJE;carolina;La Rioja;carolina;;;;;;
CALLE;cartagena;La Rioja;cartagena;;;;;;
CALLE;caseros;La Rioja;caseros;;;;;;
CALLE;castro barros;La Rioja;castro;barros;;;;;
CALLE;cayetano silva;La Rioja;cayetano;silva;;;;;
CALLE;cbo 1ro perez;La Rioja;cbo;1ro;perez;;;;
CALLE;cbo 1ro rodriguez;La Rioja;cbo;1ro;rodriguez;;;;
CALLE;cecilia simone;La Rioja;cecilia;simone;;;;;
CALLE;cepeda;La Rioja;cepeda;;;;;;
CALLE;cepeda sur;La Rioja;cepeda;sur;;;;;
CALLE;cerrito;La Rioja;cerrito;;;;;;
CALLE;cerro ambato;La Rioja;cerro;ambato;;;;;
CALLE;cerro azul;La Rioja;cerro;azul;;;;;
CALLE;cerro catedral;La Rioja;cerro;catedral;;;;;
CALLE;cerro de la cruz;La Rioja;cerro;de;la;cruz;;;
CALLE;cerro otto;La Rioja;cerro;otto;;;;;
CALLE;cervanda perez arrieta;La Rioja;cervanda;perez;arrieta;;;;
CALLE;cesar carrizo;La Rioja;cesar;carrizo;;;;;
CALLE;cesar vera barros;La Rioja;cesar;vera;barros;;;;
CALLE;ciudad de bahia blanca;La Rioja;ciudad;de;bahia;blanca;;;
CALLE;ciudad de esquel;La Rioja;ciudad;de;esquel;;;;
CALLE;ciudad de formosa;La Rioja;ciudad;de;formosa;;;;
CALLE;ciudad de godoy cruz;La Rioja;ciudad;de;godoy;cruz;;;
CALLE;ciudad de la pampa;La Rioja;ciudad;de;la;pampa;;;
CALLE;ciudad de la plata;La Rioja;ciudad;de;la;plata;;;
CALLE;ciudad de la quiaca;La Rioja;ciudad;de;la;quiaca;;;
CALLE;ciudad de mar del plata;La Rioja;ciudad;de;mar;del;plata;;
CALLE;ciudad de necochea;La Rioja;ciudad;de;necochea;;;;
CALLE;ciudad de parana;La Rioja;ciudad;de;parana;;;;
CALLE;ciudad de pergamino;La Rioja;ciudad;de;pergamino;;;;
CALLE;ciudad de rawson;La Rioja;ciudad;de;rawson;;;;
CALLE;ciudad de resistencia;La Rioja;ciudad;de;resistencia;;;;
CALLE;ciudad de salta;La Rioja;ciudad;de;salta;;;;
CALLE;ciudad de san rafael;La Rioja;ciudad;de;san;rafael;;;
CALLE;ciudad de tartagal;La Rioja;ciudad;de;tartagal;;;;
CALLE;ciudad de viedma;La Rioja;ciudad;de;viedma;;;;
CALLE;ciudad de zapala;La Rioja;ciudad;de;zapala;;;;
CALLE;cjon 7;La Rioja;cjon;7;;;;;
CALLE;cleofe arias;La Rioja;cleofe;arias;;;;;
CALLE;clodulfa ozan;La Rioja;clodulfa;ozan;;;;;
CALLE;cnl lagos;La Rioja;cnl;lagos;;;;;
CALLE;cochabamba;La Rioja;cochabamba;;;;;;
CALLE;colectora ruta 38;La Rioja;colectora;ruta;38;;;;
CALLE;colombia;La Rioja;colombia;;;;;;
CALLE;comod julio luchesi;La Rioja;comod;julio;luchesi;;;;
CALLE;congreso;La Rioja;congreso;;;;;;
CALLE;constituyentes;La Rioja;constituyentes;;;;;;
CALLE;cont artigas;La Rioja;cont;artigas;;;;;
CALLE;cont boulevard los granados;La Rioja;cont;boulevard;los;granados;;;
CALLE;cont chilecito;La Rioja;cont;chilecito;;;;;
CALLE;cont echeverria;La Rioja;cont;echeverria;;;;;
CALLE;cont islas shetland;La Rioja;cont;islas;shetland;;;;
CALLE;cont pellegrini;La Rioja;cont;pellegrini;;;;;
CALLE;cont pueyrredon;La Rioja;cont;pueyrredon;;;;;
CALLE;copiapo;La Rioja;copiapo;;;;;;
CALLE;coria penaloza;La Rioja;coria;penaloza;;;;;
CALLE;corona de cristo;La Rioja;corona;de;cristo;;;;
CALLE;corrientes;La Rioja;corrientes;;;;;;
CALLE;costa rica;La Rioja;costa;rica;;;;;
CALLE;costanera norte;La Rioja;costanera;norte;;;;;
CALLE;cotagaita;La Rioja;cotagaita;;;;;;
CALLE;coyas;La Rioja;coyas;;;;;;
CALLE;curapaligue;La Rioja;curapaligue;;;;;;
CALLE;curuzu cuatia;La Rioja;curuzu;cuatia;;;;;
CALLE;chacabuco;La Rioja;chacabuco;;;;;;
CALLE;chacho penaloza;La Rioja;chacho;penaloza;;;;;
CALLE;chamical;La Rioja;chamical;;;;;;
CALLE;chanar;La Rioja;chanar;;;;;;
CALLE;charruas;La Rioja;charruas;;;;;;
CALLE;chibchas;La Rioja;chibchas;;;;;;
CALLE;chiclana;La Rioja;chiclana;;;;;;
CALLE;chile;La Rioja;chile;;;;;;
CALLE;chilecito;La Rioja;chilecito;;;;;;
CALLE;chingaza;La Rioja;chingaza;;;;;;
CALLE;chuquis;La Rioja;chuquis;;;;;;
CALLE;chuquisaca;La Rioja;chuquisaca;;;;;;
CALLE;d velez sarsfield;La Rioja;d;velez;sarsfield;;;;
CALLE;daniel moyano;La Rioja;daniel;moyano;;;;;
CALLE;dardo diaz de la vega;La Rioja;dardo;diaz;de;la;vega;;
CALLE;dardo rocha;La Rioja;dardo;rocha;;;;;
CALLE;david gatica;La Rioja;david;gatica;;;;;
CALLE;del carmen;La Rioja;del;carmen;;;;;
CALLE;del rio;La Rioja;del;rio;;;;;
CALLE;del sol;La Rioja;del;sol;;;;;
CALLE;delina roldan;La Rioja;delina;roldan;;;;;
CALLE;diamante;La Rioja;diamante;;;;;;
CALLE;dionisia;La Rioja;dionisia;;;;;;
CALLE;dolores de la vega;La Rioja;dolores;de;la;vega;;;
CALLE;donato sbiroli;La Rioja;donato;sbiroli;;;;;
CALLE;dr carlos lanzilotto;La Rioja;dr;carlos;lanzilotto;;;;
CALLE;dr carlos navarros;La Rioja;dr;carlos;navarros;;;;
CALLE;dr carlos soler;La Rioja;dr;carlos;soler;;;;
CALLE;dr f leanza;La Rioja;dr;f;leanza;;;;
CALLE;dr f taconni;La Rioja;dr;f;taconni;;;;
CALLE;dr fernando pagani hijo;La Rioja;dr;fernando;pagani;hijo;;;
CALLE;dr groeber;La Rioja;dr;groeber;;;;;
CALLE;dr j olsacher;La Rioja;dr;j;olsacher;;;;
CALLE;dr jorge vera vallejo;La Rioja;dr;jorge;vera;vallejo;;;
CALLE;dr liliana diaz carreno;La Rioja;dr;liliana;diaz;carreno;;;
CALLE;dr m zalazar;La Rioja;dr;m;zalazar;;;;
CALLE;dr nicolas antonio carbel;La Rioja;dr;nicolas;antonio;carbel;;;
CALLE;dr raul nakasone;La Rioja;dr;raul;nakasone;;;;
CALLE;dr rolando de la vega;La Rioja;dr;rolando;de;la;vega;;
CALLE;dr santos a danon;La Rioja;dr;santos;a;danon;;;
CALLE;ecuador;La Rioja;ecuador;;;;;;
CALLE;echeverria;La Rioja;echeverria;;;;;;
CALLE;eduardo ardo morales;La Rioja;eduardo;ardo;morales;;;;
CALLE;efrain de la fuente;La Rioja;efrain;de;la;fuente;;;
CALLE;ejercito argentino;La Rioja;ejercito;argentino;;;;;
CALLE;el centeno;La Rioja;el;centeno;;;;;
CALLE;el chacho;La Rioja;el;chacho;;;;;
CALLE;el maestro;La Rioja;el;maestro;;;;;
CALLE;el ombu;La Rioja;el;ombu;;;;;
CALLE;el trabajador;La Rioja;el;trabajador;;;;;
CALLE;el trebol;La Rioja;el;trebol;;;;;
CALLE;elcano;La Rioja;elcano;;;;;;
CALLE;eleuterio mercado;La Rioja;eleuterio;mercado;;;;;
CALLE;elias toribio oyron;La Rioja;elias;toribio;oyron;;;;
CALLE;emilia oliva de fernandez;La Rioja;emilia;oliva;de;fernandez;;;
CALLE;emilio huniken;La Rioja;emilio;huniken;;;;;
CALLE;enrique peiretti;La Rioja;enrique;peiretti;;;;;
CALLE;enrique q neira;La Rioja;enrique;q;neira;;;;
CALLE;entre rios;La Rioja;entre;rios;;;;;
CALLE;ernesto sabato;La Rioja;ernesto;sabato;;;;;
CALLE;escorpio;La Rioja;escorpio;;;;;;
CALLE;esperanza;La Rioja;esperanza;;;;;;
CALLE;est cientifica swold;La Rioja;est;cientifica;swold;;;;
CALLE;esteban gaetano;La Rioja;esteban;gaetano;;;;;
CALLE;estrecho san carlos;La Rioja;estrecho;san;carlos;;;;
CALLE;evaristo carriego;La Rioja;evaristo;carriego;;;;;
RUTA;ex ruta 38;La Rioja;ex;ruta;38;;;;
CALLE;f copari;La Rioja;f;copari;;;;;
CALLE;f chaparra;La Rioja;f;chaparra;;;;;
CALLE;falucho;La Rioja;falucho;;;;;;
CALLE;famatina;La Rioja;famatina;;;;;;
CALLE;felipe ii;La Rioja;felipe;ii;;;;;
CALLE;fernando moreno;La Rioja;fernando;moreno;;;;;
CALLE;ferrer vieyra;La Rioja;ferrer;vieyra;;;;;
CALLE;fiambala;La Rioja;fiambala;;;;;;
CALLE;flor del aire;La Rioja;flor;del;aire;;;;
CALLE;florentino ameghino;La Rioja;florentino;ameghino;;;;;
CALLE;francia;La Rioja;francia;;;;;;
CALLE;francisco chaparro;La Rioja;francisco;chaparro;;;;;
CALLE;francisco de alfaro;La Rioja;francisco;de;alfaro;;;;
CALLE;francisco giotto;La Rioja;francisco;giotto;;;;;
CALLE;francisco narbona;La Rioja;francisco;narbona;;;;;
CALLE;francisco narvaez;La Rioja;francisco;narvaez;;;;;
CALLE;francisco nieto;La Rioja;francisco;nieto;;;;;
CALLE;francisco s gomez;La Rioja;francisco;s;gomez;;;;
CALLE;francisco zelada;La Rioja;francisco;zelada;;;;;
CALLE;fray bernardino gomez;La Rioja;fray;bernardino;gomez;;;;
CALLE;fray justo santa maria de oro;La Rioja;fray;justo;santa;maria;de;oro;
CALLE;fray luis beltran;La Rioja;fray;luis;beltran;;;;
CALLE;french;La Rioja;french;;;;;;
CALLE;frenguelli;La Rioja;frenguelli;;;;;;
CALLE;g loza napoleon;La Rioja;g;loza;napoleon;;;;
CALLE;galicia;La Rioja;galicia;;;;;;
CALLE;galvez;La Rioja;galvez;;;;;;
CALLE;ganso verde;La Rioja;ganso;verde;;;;;
CALLE;gaspar gomez;La Rioja;gaspar;gomez;;;;;
CALLE;gaucho riojano;La Rioja;gaucho;riojano;;;;;
CALLE;gaucho rivero;La Rioja;gaucho;rivero;;;;;
CALLE;gdor bondembender;La Rioja;gdor;bondembender;;;;;
CALLE;gdor eduardo fernandez valdez;La Rioja;gdor;eduardo;fernandez;valdez;;;
CALLE;gdor juan antonio bilmezis;La Rioja;gdor;juan;antonio;bilmezis;;;
CALLE;gdor juan jose de camino;La Rioja;gdor;juan;jose;de;camino;;
CALLE;gelacio albarracin;La Rioja;gelacio;albarracin;;;;;
CALLE;geminis;La Rioja;geminis;;;;;;
CALLE;gendarmeria;La Rioja;gendarmeria;;;;;;
CALLE;genova;La Rioja;genova;;;;;;
CALLE;georgias del sur;La Rioja;georgias;del;sur;;;;
CALLE;geronimo luis de cabrera;La Rioja;geronimo;luis;de;cabrera;;;
CALLE;giovanni cipollina;La Rioja;giovanni;cipollina;;;;;
CALLE;giovanni vergari;La Rioja;giovanni;vergari;;;;;
CALLE;gonzalo de berceo;La Rioja;gonzalo;de;berceo;;;;
CALLE;granada;La Rioja;granada;;;;;;
CALLE;granadero baigorria;La Rioja;granadero;baigorria;;;;;
CALLE;granaderos riojanos;La Rioja;granaderos;riojanos;;;;;
CALLE;gregorio mercado;La Rioja;gregorio;mercado;;;;;
CALLE;grl paz;La Rioja;grl;paz;;;;;
CALLE;guaranies;La Rioja;guaranies;;;;;;
CALLE;guayanas;La Rioja;guayanas;;;;;;
CALLE;guemes;La Rioja;guemes;;;;;;
CALLE;guido;La Rioja;guido;;;;;;
CALLE;guido y carlos spano;La Rioja;guido;y;carlos;spano;;;
CALLE;haiti;La Rioja;haiti;;;;;;
CALLE;hector barrionuevo;La Rioja;hector;barrionuevo;;;;;
CALLE;herminio torres brizuela;La Rioja;herminio;torres;brizuela;;;;
CALLE;hermosa;La Rioja;hermosa;;;;;;
CALLE;hipolito vieytes;La Rioja;hipolito;vieytes;;;;;
CALLE;historiador bravo tedin;La Rioja;historiador;bravo;tedin;;;;
CALLE;homero coronel montes;La Rioja;homero;coronel;montes;;;;
CALLE;honduras;La Rioja;honduras;;;;;;
CALLE;horacio luna davila;La Rioja;horacio;luna;davila;;;;
CALLE;huaqui;La Rioja;huaqui;;;;;;
CALLE;hugo amilcar grimberg;La Rioja;hugo;amilcar;grimberg;;;;
CALLE;hugo gonzalez;La Rioja;hugo;gonzalez;;;;;
CALLE;hugo wast;La Rioja;hugo;wast;;;;;
CALLE;humaita;La Rioja;humaita;;;;;;
CALLE;hunichen;La Rioja;hunichen;;;;;;
CALLE;ibiza;La Rioja;ibiza;;;;;;
CALLE;igr luis amaya;La Rioja;igr;luis;amaya;;;;
CALLE;igr pedro bazan;La Rioja;igr;pedro;bazan;;;;
CALLE;independencia;La Rioja;independencia;;;;;;
CALLE;indio amatucla;La Rioja;indio;amatucla;;;;;
CALLE;indio bangolay;La Rioja;indio;bangolay;;;;;
CALLE;indio cocha;La Rioja;indio;cocha;;;;;
CALLE;indio chamayco;La Rioja;indio;chamayco;;;;;
CALLE;indio chanagua;La Rioja;indio;chanagua;;;;;
CALLE;indio chanampa;La Rioja;indio;chanampa;;;;;
CALLE;indio sanagua;La Rioja;indio;sanagua;;;;;
CALLE;indio sigampa;La Rioja;indio;sigampa;;;;;
CALLE;indio yabatis;La Rioja;indio;yabatis;;;;;
CALLE;indio yansil;La Rioja;indio;yansil;;;;;
CALLE;indira gandhi;La Rioja;indira;gandhi;;;;;
CALLE;inocenta pizzeta;La Rioja;inocenta;pizzeta;;;;;
CALLE;isla de los estados;La Rioja;isla;de;los;estados;;;
CALLE;islas clarencias;La Rioja;islas;clarencias;;;;;
CALLE;islas decepcion;La Rioja;islas;decepcion;;;;;
CALLE;islas marcand;La Rioja;islas;marcand;;;;;
CALLE;islas orcadas;La Rioja;islas;orcadas;;;;;
CALLE;italia;La Rioja;italia;;;;;;
CALLE;ituzaingo;La Rioja;ituzaingo;;;;;;
CALLE;ivan pucho perez;La Rioja;ivan;pucho;perez;;;;
CALLE;j b alberdi;La Rioja;j;b;alberdi;;;;
CALLE;j c corzo;La Rioja;j;c;corzo;;;;
CALLE;jaime pelletier;La Rioja;jaime;pelletier;;;;;
CALLE;jarilla;La Rioja;jarilla;;;;;;
CALLE;jauretche;La Rioja;jauretche;;;;;;
CALLE;jerez;La Rioja;jerez;;;;;;
CALLE;jorge aguero;La Rioja;jorge;aguero;;;;;
CALLE;jorge luis borges;La Rioja;jorge;luis;borges;;;;
CALLE;jorge newbery;La Rioja;jorge;newbery;;;;;
CALLE;jose atencio;La Rioja;jose;atencio;;;;;
CALLE;jose smith;La Rioja;jose;smith;;;;;
AV;jose jesus oyola;La Rioja;jose;jesus;oyola;;;;
CALLE;jose martiniano paredes;La Rioja;jose;martiniano;paredes;;;;
CALLE;jose n cordoba;La Rioja;jose;n;cordoba;;;;
CALLE;juan bautista alberdi;La Rioja;juan;bautista;alberdi;;;;
CALLE;juan carlos carballo;La Rioja;juan;carlos;carballo;;;;
CALLE;juan de la cruz torres;La Rioja;juan;de;la;cruz;torres;;
CALLE;juan del prado;La Rioja;juan;del;prado;;;;
CALLE;juan g de las heras;La Rioja;juan;g;de;las;heras;;
CALLE;juan gaspanello;La Rioja;juan;gaspanello;;;;;
CALLE;juan gelman;La Rioja;juan;gelman;;;;;
CALLE;juan j paso;La Rioja;juan;j;paso;;;;
CALLE;juan mercado;La Rioja;juan;mercado;;;;;
CALLE;juan olmos;La Rioja;juan;olmos;;;;;
CALLE;juan xxiii;La Rioja;juan;xxiii;;;;;
CALLE;juana b arganaraz;La Rioja;juana;b;arganaraz;;;;
CALLE;jubany;La Rioja;jubany;;;;;;
CALLE;jujuy;La Rioja;jujuy;;;;;;
CALLE;julian caceres freire;La Rioja;julian;caceres;freire;;;;
CALLE;julio campos;La Rioja;julio;campos;;;;;
CALLE;julio cortazar;La Rioja;julio;cortazar;;;;;
CALLE;juncal;La Rioja;juncal;;;;;;
CALLE;juramento;La Rioja;juramento;;;;;;
CALLE;justo j de urquiza;La Rioja;justo;j;de;urquiza;;;
CALLE;la ceramica riojana;La Rioja;la;ceramica;riojana;;;;
CALLE;la coruna;La Rioja;la;coruna;;;;;
CALLE;la nina;La Rioja;la;nina;;;;;
CALLE;la paz;La Rioja;la;paz;;;;;
CALLE;la pinta;La Rioja;la;pinta;;;;;
CALLE;lago argentino;La Rioja;lago;argentino;;;;;
CALLE;lago nahuel huapi;La Rioja;lago;nahuel;huapi;;;;
CALLE;lago san martin;La Rioja;lago;san;martin;;;;
CALLE;lago viedma;La Rioja;lago;viedma;;;;;
CALLE;lamadrid;La Rioja;lamadrid;;;;;;
CALLE;lamerced;La Rioja;lamerced;;;;;;
CALLE;lanin;La Rioja;lanin;;;;;;
CALLE;larrea;La Rioja;larrea;;;;;;
CALLE;las acacias;La Rioja;las;acacias;;;;;
CALLE;las brasitas;La Rioja;las;brasitas;;;;;
CALLE;las breas;La Rioja;las;breas;;;;;
CALLE;las carretas;La Rioja;las;carretas;;;;;
CALLE;las estrellas;La Rioja;las;estrellas;;;;;
CALLE;las flores;La Rioja;las;flores;;;;;
CALLE;las llamas;La Rioja;las;llamas;;;;;
CALLE;las piedras;La Rioja;las;piedras;;;;;
CALLE;las rosas;La Rioja;las;rosas;;;;;
CALLE;las vicunas;La Rioja;las;vicunas;;;;;
CALLE;las violetas;La Rioja;las;violetas;;;;;
CALLE;las virreinas;La Rioja;las;virreinas;;;;;
CALLE;leandro francisco guzman;La Rioja;leandro;francisco;guzman;;;;
CALLE;leguer;La Rioja;leguer;;;;;;
CALLE;leopoldo marechal;La Rioja;leopoldo;marechal;;;;;
CALLE;leopoldo vargas;La Rioja;leopoldo;vargas;;;;;
CALLE;libertad;La Rioja;libertad;;;;;;
CALLE;libertador;La Rioja;libertador;;;;;;
CALLE;lima;La Rioja;lima;;;;;;
CALLE;logia oliveira de matta;La Rioja;logia;oliveira;de;matta;;;
CALLE;loma blanca;La Rioja;loma;blanca;;;;;
CALLE;los abedules;La Rioja;los;abedules;;;;;
CALLE;los alerces;La Rioja;los;alerces;;;;;
CALLE;los arrayanes;La Rioja;los;arrayanes;;;;;
CALLE;los cardenales;La Rioja;los;cardenales;;;;;
CALLE;los cedros;La Rioja;los;cedros;;;;;
CALLE;los ceibos;La Rioja;los;ceibos;;;;;
CALLE;los ciruelos;La Rioja;los;ciruelos;;;;;
CALLE;los condores;La Rioja;los;condores;;;;;
CALLE;los duraznos;La Rioja;los;duraznos;;;;;
CALLE;los granados;La Rioja;los;granados;;;;;
CALLE;los guanacos;La Rioja;los;guanacos;;;;;
CALLE;los lapachos;La Rioja;los;lapachos;;;;;
CALLE;los mandarinos;La Rioja;los;mandarinos;;;;;
CALLE;los manzanos;La Rioja;los;manzanos;;;;;
CALLE;los nogales;La Rioja;los;nogales;;;;;
CALLE;los olivos;La Rioja;los;olivos;;;;;
CALLE;los olmos;La Rioja;los;olmos;;;;;
CALLE;los paraisos;La Rioja;los;paraisos;;;;;
CALLE;los platanos;La Rioja;los;platanos;;;;;
CALLE;los pozos;La Rioja;los;pozos;;;;;
CALLE;los robles;La Rioja;los;robles;;;;;
CALLE;los sauces;La Rioja;los;sauces;;;;;
CALLE;los soldaditos;La Rioja;los;soldaditos;;;;;
CALLE;los tilos;La Rioja;los;tilos;;;;;
CALLE;lucena;La Rioja;lucena;;;;;;
CALLE;luciano testore;La Rioja;luciano;testore;;;;;
CALLE;lugones;La Rioja;lugones;;;;;;
CALLE;luis chiliguay;La Rioja;luis;chiliguay;;;;;
CALLE;luis de hoyos;La Rioja;luis;de;hoyos;;;;
CALLE;luis matatin de la fuente;La Rioja;luis;matatin;de;la;fuente;;
CALLE;m diaz de diaz;La Rioja;m;diaz;de;diaz;;;
CALLE;madre teresa de calcuta;La Rioja;madre;teresa;de;calcuta;;;
CALLE;maestros riojanos;La Rioja;maestros;riojanos;;;;;
CALLE;maipu;La Rioja;maipu;;;;;;
CALLE;malaga;La Rioja;malaga;;;;;;
CALLE;malvinas argentinas;La Rioja;malvinas;argentinas;;;;;
CALLE;manuel lobato;La Rioja;manuel;lobato;;;;;
CALLE;manuel sarratea;La Rioja;manuel;sarratea;;;;;
CALLE;manuel savio;La Rioja;manuel;savio;;;;;
CALLE;manuel toto gaitan;La Rioja;manuel;toto;gaitan;;;;
CALLE;manuela ozan;La Rioja;manuela;ozan;;;;;
CALLE;mapuches;La Rioja;mapuches;;;;;;
CALLE;marcelo t de alvear;La Rioja;marcelo;t;de;alvear;;;
CALLE;maria e de quiroga;La Rioja;maria;e;de;quiroga;;;
CALLE;maria ruanova;La Rioja;maria;ruanova;;;;;
CALLE;maria soledad;La Rioja;maria;soledad;;;;;
CALLE;maria t de acosta;La Rioja;maria;t;de;acosta;;;
CALLE;mariano moreno;La Rioja;mariano;moreno;;;;;
CALLE;mariano parco;La Rioja;mariano;parco;;;;;
CALLE;marmol;La Rioja;marmol;;;;;;
CALLE;martin de alzaga;La Rioja;martin;de;alzaga;;;;
CALLE;martiniano gomez;La Rioja;martiniano;gomez;;;;;
CALLE;mauro castore;La Rioja;mauro;castore;;;;;
CALLE;mayas;La Rioja;mayas;;;;;;
CALLE;mendoza;La Rioja;mendoza;;;;;;
CALLE;mercenario;La Rioja;mercenario;;;;;;
CALLE;milan;La Rioja;milan;;;;;;
CALLE;miraflores;La Rioja;miraflores;;;;;;
CALLE;mistol;La Rioja;mistol;;;;;;
CALLE;molle;La Rioja;molle;;;;;;
CALLE;monteagudo;La Rioja;monteagudo;;;;;;
CALLE;montevideo;La Rioja;montevideo;;;;;;
CALLE;mora blanca;La Rioja;mora;blanca;;;;;
CALLE;murcia;La Rioja;murcia;;;;;;
CALLE;nacion argentina;La Rioja;nacion;argentina;;;;;
CALLE;nahuel huapi;La Rioja;nahuel;huapi;;;;;
CALLE;napoles;La Rioja;napoles;;;;;;
CALLE;neuquen;La Rioja;neuquen;;;;;;
CALLE;nicaragua;La Rioja;nicaragua;;;;;;
CALLE;nicolas cordoba;La Rioja;nicolas;cordoba;;;;;
CALLE;nicolas davila;La Rioja;nicolas;davila;;;;;
CALLE;nino alcalde;La Rioja;nino;alcalde;;;;;
CALLE;nino miguel angel gaitan;La Rioja;nino;miguel;angel;gaitan;;;
CALLE;nonolo albarracin;La Rioja;nonolo;albarracin;;;;;
CALLE;nueva cometa;La Rioja;nueva;cometa;;;;;
CALLE;o higgins;La Rioja;o;higgins;;;;;
CALLE;o matienzo;La Rioja;o;matienzo;;;;;
CALLE;obera;La Rioja;obera;;;;;;
CALLE;octavio de la colina;La Rioja;octavio;de;la;colina;;;
CALLE;oidor lagasca;La Rioja;oidor;lagasca;;;;;
CALLE;olegario v andrade;La Rioja;olegario;v;andrade;;;;
CALLE;olga santochi;La Rioja;olga;santochi;;;;;
CALLE;olsacher;La Rioja;olsacher;;;;;;
CALLE;onas;La Rioja;onas;;;;;;
CALLE;oncativo;La Rioja;oncativo;;;;;;
CALLE;orden jesuita;La Rioja;orden;jesuita;;;;;
CALLE;oruro;La Rioja;oruro;;;;;;
CALLE;osman paez;La Rioja;osman;paez;;;;;
CALLE;ozan;La Rioja;ozan;;;;;;
CALLE;padre caamano;La Rioja;padre;caamano;;;;;
CALLE;palmar de colon;La Rioja;palmar;de;colon;;;;
CALLE;palo cruz;La Rioja;palo;cruz;;;;;
CALLE;pamplona;La Rioja;pamplona;;;;;;
CALLE;panama;La Rioja;panama;;;;;;
CALLE;papadopulo;La Rioja;papadopulo;;;;;;
CALLE;pasco;La Rioja;pasco;;;;;;
CALLE;paso de la patria;La Rioja;paso;de;la;patria;;;
CALLE;paso de los patos;La Rioja;paso;de;los;patos;;;
CALLE;paso del planchon;La Rioja;paso;del;planchon;;;;
CALLE;pastor alejandro sosa;La Rioja;pastor;alejandro;sosa;;;;
CALLE;patagones;La Rioja;patagones;;;;;;
CALLE;patquia;La Rioja;patquia;;;;;;
CALLE;patrocinias mendocinas;La Rioja;patrocinias;mendocinas;;;;;
CALLE;peat 1;La Rioja;peat;1;;;;;
CALLE;peat 10;La Rioja;peat;10;;;;;
CALLE;peat 101;La Rioja;peat;101;;;;;
CALLE;peat 103;La Rioja;peat;103;;;;;
CALLE;peat 104;La Rioja;peat;104;;;;;
CALLE;peat 105;La Rioja;peat;105;;;;;
CALLE;peat 106;La Rioja;peat;106;;;;;
CALLE;peat 107;La Rioja;peat;107;;;;;
CALLE;peat 108;La Rioja;peat;108;;;;;
CALLE;peat 109;La Rioja;peat;109;;;;;
CALLE;peat 11;La Rioja;peat;11;;;;;
CALLE;peat 110;La Rioja;peat;110;;;;;
CALLE;peat 112;La Rioja;peat;112;;;;;
CALLE;peat 12;La Rioja;peat;12;;;;;
CALLE;peat 13;La Rioja;peat;13;;;;;
CALLE;peat 14;La Rioja;peat;14;;;;;
CALLE;peat 15;La Rioja;peat;15;;;;;
CALLE;peat 16;La Rioja;peat;16;;;;;
CALLE;peat 2;La Rioja;peat;2;;;;;
CALLE;peat 201;La Rioja;peat;201;;;;;
CALLE;peat 202;La Rioja;peat;202;;;;;
CALLE;peat 203;La Rioja;peat;203;;;;;
CALLE;peat 204;La Rioja;peat;204;;;;;
CALLE;peat 207;La Rioja;peat;207;;;;;
CALLE;peat 23;La Rioja;peat;23;;;;;
CALLE;peat 24;La Rioja;peat;24;;;;;
CALLE;peat 3;La Rioja;peat;3;;;;;
CALLE;peat 301;La Rioja;peat;301;;;;;
CALLE;peat 302;La Rioja;peat;302;;;;;
CALLE;peat 303;La Rioja;peat;303;;;;;
CALLE;peat 304;La Rioja;peat;304;;;;;
CALLE;peat 36;La Rioja;peat;36;;;;;
CALLE;peat 4;La Rioja;peat;4;;;;;
CALLE;peat 401;La Rioja;peat;401;;;;;
CALLE;peat 402;La Rioja;peat;402;;;;;
CALLE;peat 403;La Rioja;peat;403;;;;;
CALLE;peat 404;La Rioja;peat;404;;;;;
CALLE;peat 405;La Rioja;peat;405;;;;;
CALLE;peat 406;La Rioja;peat;406;;;;;
CALLE;peat 407;La Rioja;peat;407;;;;;
CALLE;peat 408;La Rioja;peat;408;;;;;
CALLE;peat 409;La Rioja;peat;409;;;;;
CALLE;peat 5;La Rioja;peat;5;;;;;
CALLE;peat 500;La Rioja;peat;500;;;;;
CALLE;peat 501;La Rioja;peat;501;;;;;
CALLE;peat 502;La Rioja;peat;502;;;;;
CALLE;peat 503;La Rioja;peat;503;;;;;
CALLE;peat 504;La Rioja;peat;504;;;;;
CALLE;peat 505;La Rioja;peat;505;;;;;
CALLE;peat 506;La Rioja;peat;506;;;;;
CALLE;peat 507;La Rioja;peat;507;;;;;
CALLE;peat 6;La Rioja;peat;6;;;;;
CALLE;peat 7;La Rioja;peat;7;;;;;
CALLE;peat 8;La Rioja;peat;8;;;;;
CALLE;pedernera;La Rioja;pedernera;;;;;;
CALLE;pedro b palacios;La Rioja;pedro;b;palacios;;;;
CALLE;pedro fontenez;La Rioja;pedro;fontenez;;;;;
CALLE;pelagio b luna;La Rioja;pelagio;b;luna;;;;
CALLE;pellegrini;La Rioja;pellegrini;;;;;;
CALLE;peninsula trinidad;La Rioja;peninsula;trinidad;;;;;
CALLE;perito moreno;La Rioja;perito;moreno;;;;;
CALLE;peru;La Rioja;peru;;;;;;
CALLE;pichana;La Rioja;pichana;;;;;;
CALLE;pichincha;La Rioja;pichincha;;;;;;
CALLE;pio xii;La Rioja;pio;xii;;;;;
CALLE;piscis;La Rioja;piscis;;;;;;
CALLE;pituil;La Rioja;pituil;;;;;;
PJE;pje 1;La Rioja;pje;1;;;;;
PJE;pje 10;La Rioja;pje;10;;;;;
PJE;pje 181;La Rioja;pje;181;;;;;
PJE;pje 261;La Rioja;pje;261;;;;;
PJE;pje 278;La Rioja;pje;278;;;;;
PJE;pje 31;La Rioja;pje;31;;;;;
PJE;pje 320;La Rioja;pje;320;;;;;
PJE;pje 321;La Rioja;pje;321;;;;;
PJE;pje 503;La Rioja;pje;503;;;;;
PJE;pje a ugarte;La Rioja;pje;a;ugarte;;;;
PJE;pje amberes;La Rioja;pje;amberes;;;;;
PJE;pje amistad;La Rioja;pje;amistad;;;;;
PJE;pje archipielago e bisco;La Rioja;pje;archipielago;e;bisco;;;
PJE;pje c;La Rioja;pje;c;;;;;
PJE;pje cabildo;La Rioja;pje;cabildo;;;;;
PJE;pje calchaqui;La Rioja;pje;calchaqui;;;;;
PJE;pje castilla;La Rioja;pje;castilla;;;;;
PJE;pje combo;La Rioja;pje;combo;;;;;
PJE;pje confraternidad;La Rioja;pje;confraternidad;;;;;
PJE;pje del cristo;La Rioja;pje;del;cristo;;;;
PJE;pje diaguita;La Rioja;pje;diaguita;;;;;
PJE;pje elefante blanco;La Rioja;pje;elefante;blanco;;;;
PJE;pje emma reyes;La Rioja;pje;emma;reyes;;;;
PJE;pje esquiu;La Rioja;pje;esquiu;;;;;
PJE;pje evaristo varon;La Rioja;pje;evaristo;varon;;;;
PJE;pje florida;La Rioja;pje;florida;;;;;
PJE;pje german oliva;La Rioja;pje;german;oliva;;;;
PJE;pje guanchicay;La Rioja;pje;guanchicay;;;;;
PJE;pje hermelindo gomez;La Rioja;pje;hermelindo;gomez;;;;
PJE;pje ignacio molina;La Rioja;pje;ignacio;molina;;;;
PJE;pje isabel areta;La Rioja;pje;isabel;areta;;;;
PJE;pje islas lauriel;La Rioja;pje;islas;lauriel;;;;
PJE;pje j rosas;La Rioja;pje;j;rosas;;;;
PJE;pje jorge i;La Rioja;pje;jorge;i;;;;
PJE;pje juncal;La Rioja;pje;juncal;;;;;
PJE;pje la coruna;La Rioja;pje;la;coruna;;;;
PJE;pje la familia;La Rioja;pje;la;familia;;;;
PJE;pje las rosas;La Rioja;pje;las;rosas;;;;
PJE;pje lateral 503;La Rioja;pje;lateral;503;;;;
PJE;pje los andes;La Rioja;pje;los;andes;;;;
PJE;pje nino alcalde;La Rioja;pje;nino;alcalde;;;;
PJE;pje oeste;La Rioja;pje;oeste;;;;;
PJE;pje paysandu;La Rioja;pje;paysandu;;;;;
PJE;pje publica;La Rioja;pje;publica;;;;;
PJE;pje ratti;La Rioja;pje;ratti;;;;;
PJE;pje renaud;La Rioja;pje;renaud;;;;;
PJE;pje ricardo quintela;La Rioja;pje;ricardo;quintela;;;;
PJE;pje rivadavia;La Rioja;pje;rivadavia;;;;;
PJE;pje sevilla;La Rioja;pje;sevilla;;;;;
PJE;pje suiza;La Rioja;pje;suiza;;;;;
PJE;pje susy morand;La Rioja;pje;susy;morand;;;;
PJE;pje tajamar;La Rioja;pje;tajamar;;;;;
PJE;pje tomas tasiukaz;La Rioja;pje;tomas;tasiukaz;;;;
PJE;pje tronador;La Rioja;pje;tronador;;;;;
PJE;pje victoria;La Rioja;pje;victoria;;;;;
PJE;pje virgen del valle;La Rioja;pje;virgen;del;valle;;;
PJE;pje virreynato;La Rioja;pje;virreynato;;;;;
CALLE;plumerillo;La Rioja;plumerillo;;;;;;
CALLE;poman;La Rioja;poman;;;;;;
CALLE;portezuelo;La Rioja;portezuelo;;;;;;
CALLE;posada;La Rioja;posada;;;;;;
CALLE;potosi;La Rioja;potosi;;;;;;
CALLE;potrerillo;La Rioja;potrerillo;;;;;;
CALLE;ppal mayor jose roque sanchez;La Rioja;ppal;mayor;jose;roque;sanchez;;
CALLE;ppal rojas;La Rioja;ppal;rojas;;;;;
CALLE;primer merita;La Rioja;primer;merita;;;;;
CALLE;pringles;La Rioja;pringles;;;;;;
CALLE;prof abraham daniel herrera;La Rioja;prof;abraham;daniel;herrera;;;
CALLE;prof pirague;La Rioja;prof;pirague;;;;;
CALLE;progreso;La Rioja;progreso;;;;;;
CALLE;prov del chaco;La Rioja;prov;del;chaco;;;;
CALLE;proyectada;La Rioja;proyectada;;;;;;
CALLE;proyectada 1;La Rioja;proyectada;1;;;;;
CALLE;proyectada 10;La Rioja;proyectada;10;;;;;
CALLE;proyectada 2;La Rioja;proyectada;2;;;;;
CALLE;proyectada 3;La Rioja;proyectada;3;;;;;
CALLE;proyectada 4;La Rioja;proyectada;4;;;;;
CALLE;proyectada 5;La Rioja;proyectada;5;;;;;
CALLE;proyectada 6;La Rioja;proyectada;6;;;;;
CALLE;proyectada 7;La Rioja;proyectada;7;;;;;
CALLE;proyectada 8;La Rioja;proyectada;8;;;;;
CALLE;proyectada 9;La Rioja;proyectada;9;;;;;
CALLE;proyectada a;La Rioja;proyectada;a;;;;;
CALLE;proyectada b;La Rioja;proyectada;b;;;;;
CALLE;proyectada c;La Rioja;proyectada;c;;;;;
CALLE;proyectada d;La Rioja;proyectada;d;;;;;
CALLE;publica;La Rioja;publica;;;;;;
CALLE;publica 1;La Rioja;publica;1;;;;;
CALLE;publica 2;La Rioja;publica;2;;;;;
CALLE;publica a1;La Rioja;publica;a1;;;;;
CALLE;publica c;La Rioja;publica;c;;;;;
CALLE;publica d;La Rioja;publica;d;;;;;
CALLE;publica e;La Rioja;publica;e;;;;;
CALLE;publica t;La Rioja;publica;t;;;;;
CALLE;publica z;La Rioja;publica;z;;;;;
CALLE;pucara;La Rioja;pucara;;;;;;
CALLE;puerto argentino;La Rioja;puerto;argentino;;;;;
CALLE;puerto deseado;La Rioja;puerto;deseado;;;;;
CALLE;puerto iguazu;La Rioja;puerto;iguazu;;;;;
CALLE;puerto madero;La Rioja;puerto;madero;;;;;
CALLE;puerto rico;La Rioja;puerto;rico;;;;;
CALLE;puerto san julian;La Rioja;puerto;san;julian;;;;
CALLE;puerto santa cruz;La Rioja;puerto;santa;cruz;;;;
CALLE;pueyrredon;La Rioja;pueyrredon;;;;;;
CALLE;quebracho colorado;La Rioja;quebracho;colorado;;;;;
CALLE;querandies;La Rioja;querandies;;;;;;
CALLE;quito;La Rioja;quito;;;;;;
CALLE;r borroni;La Rioja;r;borroni;;;;;
CALLE;r lanus;La Rioja;r;lanus;;;;;
CALLE;r santirso;La Rioja;r;santirso;;;;;
CALLE;r villacorta;La Rioja;r;villacorta;;;;;
CALLE;ramon argentino avila;La Rioja;ramon;argentino;avila;;;;
CALLE;ramon gachon;La Rioja;ramon;gachon;;;;;
CALLE;rancagua;La Rioja;rancagua;;;;;;
CALLE;raquel tejada;La Rioja;raquel;tejada;;;;;
CALLE;rastreador fournier;La Rioja;rastreador;fournier;;;;;
CALLE;raul s sufan;La Rioja;raul;s;sufan;;;;
CALLE;raul sufan;La Rioja;raul;sufan;;;;;
CALLE;raul sufan hijo;La Rioja;raul;sufan;hijo;;;;
CALLE;raul vera ocampo;La Rioja;raul;vera;ocampo;;;;
CALLE;raul vergara;La Rioja;raul;vergara;;;;;
CALLE;rca de brasil;La Rioja;rca;de;brasil;;;;
CALLE;rca de chile;La Rioja;rca;de;chile;;;;
CALLE;rca de paraguay;La Rioja;rca;de;paraguay;;;;
CALLE;rca de siria;La Rioja;rca;de;siria;;;;
CALLE;rca del libano;La Rioja;rca;del;libano;;;;
CALLE;reconquista;La Rioja;reconquista;;;;;;
CALLE;recreo;La Rioja;recreo;;;;;;
CALLE;regimiento 15 de infanteria;La Rioja;regimiento;15;de;infanteria;;;
CALLE;regis martinez;La Rioja;regis;martinez;;;;;
CALLE;reina mora;La Rioja;reina;mora;;;;;
CALLE;remedios de escalada;La Rioja;remedios;de;escalada;;;;
CALLE;rene cardenas;La Rioja;rene;cardenas;;;;;
CALLE;republica del paraguay;La Rioja;republica;del;paraguay;;;;
CALLE;retamo;La Rioja;retamo;;;;;;
CALLE;reynafe;La Rioja;reynafe;;;;;;
CALLE;ricardo guiraldes;La Rioja;ricardo;guiraldes;;;;;
CALLE;ricardo rodolfo quiroga;La Rioja;ricardo;rodolfo;quiroga;;;;
CALLE;rino bulognesi;La Rioja;rino;bulognesi;;;;;
CALLE;rio aguas coloradas;La Rioja;rio;aguas;coloradas;;;;
CALLE;rio alcazar;La Rioja;rio;alcazar;;;;;
CALLE;rio algarrobo;La Rioja;rio;algarrobo;;;;;
CALLE;rio amana;La Rioja;rio;amana;;;;;
CALLE;rio blanco;La Rioja;rio;blanco;;;;;
CALLE;rio colorado;La Rioja;rio;colorado;;;;;
CALLE;rio de la plata;La Rioja;rio;de;la;plata;;;
CALLE;rio gallego;La Rioja;rio;gallego;;;;;
CALLE;rio grande;La Rioja;rio;grande;;;;;
CALLE;rio jague;La Rioja;rio;jague;;;;;
CALLE;rio la punilla;La Rioja;rio;la;punilla;;;;
CALLE;rio la troya;La Rioja;rio;la;troya;;;;
CALLE;rio limay;La Rioja;rio;limay;;;;;
CALLE;rio los sauces;La Rioja;rio;los;sauces;;;;
CALLE;rio negro;La Rioja;rio;negro;;;;;
CALLE;rio parana;La Rioja;rio;parana;;;;;
CALLE;rio pilcomayo;La Rioja;rio;pilcomayo;;;;;
CALLE;rio pituil;La Rioja;rio;pituil;;;;;
CALLE;rio potrero grande;La Rioja;rio;potrero;grande;;;;
CALLE;rio primero;La Rioja;rio;primero;;;;;
CALLE;rio retamal;La Rioja;rio;retamal;;;;;
CALLE;rio salado;La Rioja;rio;salado;;;;;
CALLE;rio seco;La Rioja;rio;seco;;;;;
CALLE;rio segundo;La Rioja;rio;segundo;;;;;
CALLE;rio tajamar;La Rioja;rio;tajamar;;;;;
CALLE;rio tercero;La Rioja;rio;tercero;;;;;
CALLE;rio turbio;La Rioja;rio;turbio;;;;;
CALLE;rio valle hermoso;La Rioja;rio;valle;hermoso;;;;
CALLE;rioja;La Rioja;rioja;;;;;;
CALLE;rivadavia;La Rioja;rivadavia;;;;;;
CALLE;roberto payro;La Rioja;roberto;payro;;;;;
CALLE;rodolfo f blanco;La Rioja;rodolfo;f;blanco;;;;
CALLE;rojas de oquendo;La Rioja;rojas;de;oquendo;;;;
CALLE;rojas maestro;La Rioja;rojas;maestro;;;;;
CALLE;roldan;La Rioja;roldan;;;;;;
CALLE;rolin gonzalez;La Rioja;rolin;gonzalez;;;;;
CALLE;roque a luna;La Rioja;roque;a;luna;;;;
CALLE;roque saenz pena;La Rioja;roque;saenz;pena;;;;
CALLE;rosa bazan camara;La Rioja;rosa;bazan;camara;;;;
CALLE;rosedal;La Rioja;rosedal;;;;;;
CALLE;rosendo velarte;La Rioja;rosendo;velarte;;;;;
RUTA;ruta nac 38;La Rioja;ruta;nac;38;;;;
CALLE;salvador allende;La Rioja;salvador;allende;;;;;
RUTA;ruta nac 75;La Rioja;ruta;nac;75;;;;
RUTA;ruta pcial 5 benjamin matienzo;La Rioja;ruta;pcial;5;benjamin;matienzo;;
CALLE;s ortiz;La Rioja;s;ortiz;;;;;
CALLE;saavedra;La Rioja;saavedra;;;;;;
CALLE;sagrada familia;La Rioja;sagrada;familia;;;;;
CALLE;samuel luna;La Rioja;samuel;luna;;;;;
CALLE;san antonio;La Rioja;san;antonio;;;;;
CALLE;san cayetano;La Rioja;san;cayetano;;;;;
CALLE;san ignacio;La Rioja;san;ignacio;;;;;
CALLE;san isidro;La Rioja;san;isidro;;;;;
CALLE;san jorge;La Rioja;san;jorge;;;;;
CALLE;san juan;La Rioja;san;juan;;;;;
CALLE;san juan diego;La Rioja;san;juan;diego;;;;
CALLE;san luis;La Rioja;san;luis;;;;;
CALLE;san nicolas de bari;La Rioja;san;nicolas;de;bari;;;
CALLE;san roman;La Rioja;san;roman;;;;;
CALLE;san sebastian;La Rioja;san;sebastian;;;;;
CALLE;sanagasta;La Rioja;sanagasta;;;;;;
CALLE;santa cecilia;La Rioja;santa;cecilia;;;;;
CALLE;santa cruz;La Rioja;santa;cruz;;;;;
CALLE;santa isabel;La Rioja;santa;isabel;;;;;
CALLE;santa maria;La Rioja;santa;maria;;;;;
CALLE;santander;La Rioja;santander;;;;;;
CALLE;santo domingo;La Rioja;santo;domingo;;;;;
CALLE;saujil;La Rioja;saujil;;;;;;
CALLE;sevilla;La Rioja;sevilla;;;;;;
CALLE;sgt cabral;La Rioja;sgt;cabral;;;;;
CALLE;sierra de los llanos;La Rioja;sierra;de;los;llanos;;;
CALLE;sierra de vilgo;La Rioja;sierra;de;vilgo;;;;
CALLE;sierra del famatina;La Rioja;sierra;del;famatina;;;;
CALLE;sierra del velazco;La Rioja;sierra;del;velazco;;;;
CALLE;soberania nacional;La Rioja;soberania;nacional;;;;;
CALLE;sonia lander;La Rioja;sonia;lander;;;;;
CALLE;sta lucia;La Rioja;sta;lucia;;;;;
CALLE;sta rita;La Rioja;sta;rita;;;;;
CALLE;sta teresita;La Rioja;sta;teresita;;;;;
CALLE;stelzner;La Rioja;stelzner;;;;;;
CALLE;suecia;La Rioja;suecia;;;;;;
CALLE;suipacha;La Rioja;suipacha;;;;;;
CALLE;susy morand;La Rioja;susy;morand;;;;;
CALLE;tablada;La Rioja;tablada;;;;;;
CALLE;tacuari;La Rioja;tacuari;;;;;;
CALLE;tala;La Rioja;tala;;;;;;
CALLE;talampaya;La Rioja;talampaya;;;;;;
CALLE;tata duarte;La Rioja;tata;duarte;;;;;
CALLE;talamuyuna;La Rioja;talamuyuna;;;;;;
CALLE;tama;La Rioja;tama;;;;;;
CALLE;teresita flores;La Rioja;teresita;flores;;;;;
CALLE;tierra de caudillos;La Rioja;tierra;de;caudillos;;;;
CALLE;tierra del fuego;La Rioja;tierra;del;fuego;;;;
CALLE;tilcara;La Rioja;tilcara;;;;;;
CALLE;timotes;La Rioja;timotes;;;;;;
CALLE;tinkunaco;La Rioja;tinkunaco;;;;;;
CALLE;tomas carbel;La Rioja;tomas;carbel;;;;;
CALLE;tristan ochoa;La Rioja;tristan;ochoa;;;;;
CALLE;triunvirato;La Rioja;triunvirato;;;;;;
CALLE;tte 1ro ibanez;La Rioja;tte;1ro;ibanez;;;;
CALLE;tte gorraga;La Rioja;tte;gorraga;;;;;
CALLE;tte sobral;La Rioja;tte;sobral;;;;;
CALLE;tucuman;La Rioja;tucuman;;;;;;
CALLE;tudcum;La Rioja;tudcum;;;;;;
CALLE;tupac amaru;La Rioja;tupac;amaru;;;;;
CALLE;tupungato;La Rioja;tupungato;;;;;;
CALLE;turin;La Rioja;turin;;;;;;
CALLE;tuyuti;La Rioja;tuyuti;;;;;;
CALLE;ulapes;La Rioja;ulapes;;;;;;
CALLE;unudad nacional;La Rioja;unudad;nacional;;;;;
CALLE;uspallata;La Rioja;uspallata;;;;;;
CALLE;usuahia;La Rioja;usuahia;;;;;;
CALLE;v saadi;La Rioja;v;saadi;;;;;
CALLE;valencia;La Rioja;valencia;;;;;;
CALLE;valparaiso;La Rioja;valparaiso;;;;;;
CALLE;venecia;La Rioja;venecia;;;;;;
CALLE;venezuela;La Rioja;venezuela;;;;;;
CALLE;veronica paez;La Rioja;veronica;paez;;;;;
CALLE;viamonte;La Rioja;viamonte;;;;;;
CALLE;vicente bustos;La Rioja;vicente;bustos;;;;;
CALLE;vicente lopez y planes;La Rioja;vicente;lopez;y;planes;;;
CALLE;victoria romero;La Rioja;victoria;romero;;;;;
CALLE;victorio antonio moretti;La Rioja;victorio;antonio;moretti;;;;
CALLE;viento blanco;La Rioja;viento;blanco;;;;;
CALLE;vilcapugio;La Rioja;vilcapugio;;;;;;
CALLE;villa castelli;La Rioja;villa;castelli;;;;;
CALLE;villa union;La Rioja;villa;union;;;;;
CALLE;vinchina;La Rioja;vinchina;;;;;;
CALLE;virgen de copa cabana;La Rioja;virgen;de;copa;cabana;;;
CALLE;virgen de itati;La Rioja;virgen;de;itati;;;;
CALLE;virgen de lourdes;La Rioja;virgen;de;lourdes;;;;
CALLE;virgen del rosario;La Rioja;virgen;del;rosario;;;;
CALLE;virgen del valle;La Rioja;virgen;del;valle;;;;
CALLE;virgen india;La Rioja;virgen;india;;;;;
CALLE;virgo;La Rioja;virgo;;;;;;
CALLE;vivero nacional;La Rioja;vivero;nacional;;;;;
CALLE;yabatis;La Rioja;yabatis;;;;;;
CALLE;yapeyu;La Rioja;yapeyu;;;;;;
CALLE;yatasto;La Rioja;yatasto;;;;;;
CALLE;zaragoza;La Rioja;zaragoza;;;;;;
CALLE;12 de octubre;La Rioja;12;de;octubre;;;;
CALLE;aborigenes argentinos;La Rioja;aborigenes;argentinos;;;;;
CALLE;acceso a ruta;La Rioja;acceso;a;ruta;;;;
CALLE;aguadita;La Rioja;aguadita;;;;;;
CALLE;alfonsina storni;La Rioja;alfonsina;storni;;;;;
CALLE;angel v penaloza;La Rioja;angel;v;penaloza;;;;
CALLE;apache;La Rioja;apache;;;;;;
CALLE;atiles;La Rioja;atiles;;;;;;
CALLE;augusto pereyra;La Rioja;augusto;pereyra;;;;;
AV;av federal;La Rioja;av;federal;;;;;
AV;av felipe varela;La Rioja;av;felipe;varela;;;;
AV;av malvinas argentinas;La Rioja;av;malvinas;argentinas;;;;
AV;av nicolas m ayan;La Rioja;av;nicolas;m;ayan;;;
AV;av padre martin gomez;La Rioja;av;padre;martin;gomez;;;
AV;av presidente peron;La Rioja;av;presidente;peron;;;;
AV;av raul alfonsin;La Rioja;av;raul;alfonsin;;;;
CALLE;bolivia;La Rioja;bolivia;;;;;;
CALLE;brig de la colina;La Rioja;brig;de;la;colina;;;
CALLE;calle 180;La Rioja;calle;180;;;;;
CALLE;calle publica n 5;La Rioja;calle;publica;n;5;;;
CALLE;carlos de dios murias;La Rioja;carlos;de;dios;murias;;;
CALLE;cbo dario vera;La Rioja;cbo;dario;vera;;;;
CALLE;ciudadela;La Rioja;ciudadela;;;;;;
CALLE;colon;La Rioja;colon;;;;;;
CALLE;constantino carbel;La Rioja;constantino;carbel;;;;;
CALLE;costanera sur;La Rioja;costanera;sur;;;;;
CALLE;diaguita;La Rioja;diaguita;;;;;;
CALLE;diego de arroyo;La Rioja;diego;de;arroyo;;;;
CALLE;encuentro;La Rioja;encuentro;;;;;;
CALLE;esteban echeverria;La Rioja;esteban;echeverria;;;;;
CALLE;esteban penaloza;La Rioja;esteban;penaloza;;;;;
RUTA;ex ruta;La Rioja;ex;ruta;;;;;
CALLE;felix abdala;La Rioja;felix;abdala;;;;;
CALLE;gabriel longueville;La Rioja;gabriel;longueville;;;;;
CALLE;gdor gordillo;La Rioja;gdor;gordillo;;;;;
CALLE;guaja;La Rioja;guaja;;;;;;
CALLE;hna charo;La Rioja;hna;charo;;;;;
CALLE;ibera;La Rioja;ibera;;;;;;
CALLE;igr juan vera;La Rioja;igr;juan;vera;;;;
CALLE;int pedro quiroga;La Rioja;int;pedro;quiroga;;;;
CALLE;jose l borges;La Rioja;jose;l;borges;;;;
CALLE;jose rigazzi;La Rioja;jose;rigazzi;;;;;
CALLE;jose sixto aguero;La Rioja;jose;sixto;aguero;;;;
CALLE;juan carponi;La Rioja;juan;carponi;;;;;
CALLE;juarez celman;La Rioja;juarez;celman;;;;;
CALLE;julio a roca;La Rioja;julio;a;roca;;;;
CALLE;laprida;La Rioja;laprida;;;;;;
CALLE;los allis;La Rioja;los;allis;;;;;
CALLE;lopez lugonez;La Rioja;lopez;lugonez;;;;;
CALLE;manuel villanueva;La Rioja;manuel;villanueva;;;;;
CALLE;montonera riojana;La Rioja;montonera;riojana;;;;;
CALLE;peat 29;La Rioja;peat;29;;;;;
PJE;pje 3;La Rioja;pje;3;;;;;
PJE;pje ferroviario;La Rioja;pje;ferroviario;;;;;
CALLE;san francisco;La Rioja;san;francisco;;;;;
RUTA;ruta nac 79;La Rioja;ruta;nac;79;;;;
CALLE;salta;La Rioja;salta;;;;;;
CALLE;san nicolas;La Rioja;san;nicolas;;;;;
CALLE;santa rita;La Rioja;santa;rita;;;;;
CALLE;ursula aguero;La Rioja;ursula;aguero;;;;;
CALLE;uruguay;La Rioja;uruguay;;;;;;
CALLE;vicente almonacid;La Rioja;vicente;almonacid;;;;;
CALLE;virgen de polco;La Rioja;virgen;de;polco;;;;
CALLE;virgen del buen anuncio;La Rioja;virgen;del;buen;anuncio;;;
CALLE;yacampis;La Rioja;yacampis;;;;;;
CALLE;10 de noviembre;La Rioja;10;de;noviembre;;;;
CALLE;13 de junio;La Rioja;13;de;junio;;;;
CALLE;17 de noviembre;La Rioja;17;de;noviembre;;;;
CALLE;19 de febrero;La Rioja;19;de;febrero;;;;
CALLE;1ro de julio;La Rioja;1ro;de;julio;;;;
CALLE;22 de agosto;La Rioja;22;de;agosto;;;;
CALLE;22 de mayo;La Rioja;22;de;mayo;;;;
CALLE;24 de abril;La Rioja;24;de;abril;;;;
CALLE;24 de septiembre;La Rioja;24;de;septiembre;;;;
CALLE;3 de marzo;La Rioja;3;de;marzo;;;;
CALLE;4 de junio;La Rioja;4;de;junio;;;;
CALLE;7 de agosto;La Rioja;7;de;agosto;;;;
CALLE;7 de mayo;La Rioja;7;de;mayo;;;;
CALLE;9 de diciembre;La Rioja;9;de;diciembre;;;;
CALLE;adolfo davila;La Rioja;adolfo;davila;;;;;
CALLE;alberto ocampo;La Rioja;alberto;ocampo;;;;;
CALLE;almonacid;La Rioja;almonacid;;;;;;
CALLE;almte guillermo brow;La Rioja;almte;guillermo;brow;;;;
CALLE;alto carrizal;La Rioja;alto;carrizal;;;;;
CALLE;ampallao;La Rioja;ampallao;;;;;;
CALLE;atahualpa;La Rioja;atahualpa;;;;;;
AV;av de circunvalacion;La Rioja;av;de;circunvalacion;;;;
AV;av pelagio b luna;La Rioja;av;pelagio;b;luna;;;
AV;av pres illia este;La Rioja;av;pres;illia;este;;;
AV;av pres illia oeste;La Rioja;av;pres;illia;oeste;;;
AV;av pres peron;La Rioja;av;pres;peron;;;;
AV;av remedios de escalada de san martin;La Rioja;av;remedios;de;escalada;de;san;martin
AV;av tamberia del inca;La Rioja;av;tamberia;del;inca;;;
CALLE;belisario lobos norte;La Rioja;belisario;lobos;norte;;;;
CALLE;belisario lobos sur;La Rioja;belisario;lobos;sur;;;;
CALLE;berlin;La Rioja;berlin;;;;;;
CALLE;bonifacio davila;La Rioja;bonifacio;davila;;;;;
CALLE;brasil;La Rioja;brasil;;;;;;
CALLE;cacique chancalay;La Rioja;cacique;chancalay;;;;;
CALLE;cacique moretay;La Rioja;cacique;moretay;;;;;
CALLE;castro y bazan;La Rioja;castro;y;bazan;;;;
CALLE;celina mercado;La Rioja;celina;mercado;;;;;
AV;circunvalacion;La Rioja;circunvalacion;;;;;;
CALLE;cuchi sanagua;La Rioja;cuchi;sanagua;;;;;
CALLE;dona rosa luna vidalera;La Rioja;dona;rosa;luna;vidalera;;;
CALLE;domingo f sarmiento;La Rioja;domingo;f;sarmiento;;;;
CALLE;dr martinez;La Rioja;dr;martinez;;;;;
CALLE;dr santiago bazan;La Rioja;dr;santiago;bazan;;;;
CALLE;el encuentro;La Rioja;el;encuentro;;;;;
CALLE;el famatina;La Rioja;el;famatina;;;;;
CALLE;el nevado;La Rioja;el;nevado;;;;;
CALLE;el pelegrino;La Rioja;el;pelegrino;;;;;
CALLE;el rincon;La Rioja;el;rincon;;;;;
CALLE;formosa;La Rioja;formosa;;;;;;
CALLE;gdor motta;La Rioja;gdor;motta;;;;;
CALLE;gregorio chavez;La Rioja;gregorio;chavez;;;;;
CALLE;grl guemes norte;La Rioja;grl;guemes;norte;;;;
CALLE;grl guemes sur;La Rioja;grl;guemes;sur;;;;
CALLE;grl manuel belgrano;La Rioja;grl;manuel;belgrano;;;;
CALLE;guillermo iribarren;La Rioja;guillermo;iribarren;;;;;
CALLE;guillermo treloar;La Rioja;guillermo;treloar;;;;;
CALLE;inca tupac yupanqui;La Rioja;inca;tupac;yupanqui;;;;
CALLE;jazmin ocampo;La Rioja;jazmin;ocampo;;;;;
CALLE;juan jose paso;La Rioja;juan;jose;paso;;;;
PJE;juan r de velazco;La Rioja;juan;r;de;velazco;;;
CALLE;julian amatte;La Rioja;julian;amatte;;;;;
CALLE;la mejicana;La Rioja;la;mejicana;;;;;
CALLE;la merced;La Rioja;la;merced;;;;;
CALLE;las pircas;La Rioja;las;pircas;;;;;
CALLE;leandro n alem;La Rioja;leandro;n;alem;;;;
CALLE;los diaguitas;La Rioja;los;diaguitas;;;;;
CALLE;maximo martinez;La Rioja;maximo;martinez;;;;;
CALLE;mercedes m de silvano;La Rioja;mercedes;m;de;silvano;;;
CALLE;montecarlo;La Rioja;montecarlo;;;;;;
CALLE;nino de hualco;La Rioja;nino;de;hualco;;;;
CALLE;nosenta pizzeta;La Rioja;nosenta;pizzeta;;;;;
CALLE;ortiz de ocampo;La Rioja;ortiz;de;ocampo;;;;
CALLE;ortiz de ocampo sur;La Rioja;ortiz;de;ocampo;sur;;;
CALLE;pachamama;La Rioja;pachamama;;;;;;
CALLE;parana;La Rioja;parana;;;;;;
PJE;pasaje 1;La Rioja;pasaje;1;;;;;
PJE;pasaje 10;La Rioja;pasaje;10;;;;;
PJE;pasaje 2;La Rioja;pasaje;2;;;;;
PJE;pasaje 3;La Rioja;pasaje;3;;;;;
PJE;pasaje 4;La Rioja;pasaje;4;;;;;
PJE;pasaje 5;La Rioja;pasaje;5;;;;;
PJE;pasaje 6;La Rioja;pasaje;6;;;;;
PJE;pasaje 7;La Rioja;pasaje;7;;;;;
PJE;pasaje 8;La Rioja;pasaje;8;;;;;
PJE;pasaje 9;La Rioja;pasaje;9;;;;;
CALLE;pedro morales;La Rioja;pedro;morales;;;;;
PJE;pje altomonte;La Rioja;pje;altomonte;;;;;
PJE;pje caminito;La Rioja;pje;caminito;;;;;
PJE;pje canal;La Rioja;pje;canal;;;;;
PJE;pje hipolito yrigoyen;La Rioja;pje;hipolito;yrigoyen;;;;
PJE;pje juan m esquiu;La Rioja;pje;juan;m;esquiu;;;
PJE;pje la mejicana;La Rioja;pje;la;mejicana;;;;
PJE;pje libertad norte;La Rioja;pje;libertad;norte;;;;
PJE;pje mariano moreno;La Rioja;pje;mariano;moreno;;;;
PJE;pje motta;La Rioja;pje;motta;;;;;
PJE;pje ortiz de ocampo;La Rioja;pje;ortiz;de;ocampo;;;
PJE;pje san francisco;La Rioja;pje;san;francisco;;;;
PJE;pje san nicolas;La Rioja;pje;san;nicolas;;;;
PJE;pje san roman;La Rioja;pje;san;roman;;;;
PJE;pje santa rita;La Rioja;pje;santa;rita;;;;
PJE;pje santa rosa;La Rioja;pje;santa;rosa;;;;
PJE;pje santo domingo;La Rioja;pje;santo;domingo;;;;
PJE;pje timoteo gordillo;La Rioja;pje;timoteo;gordillo;;;;
CALLE;pres aramburu;La Rioja;pres;aramburu;;;;;
CALLE;primera junta;La Rioja;primera;junta;;;;;
CALLE;prof gregorio cavero;La Rioja;prof;gregorio;cavero;;;;
CALLE;prof maximo martinez;La Rioja;prof;maximo;martinez;;;;
CALLE;puerto caldero;La Rioja;puerto;caldero;;;;;
CALLE;ramirez de velazco;La Rioja;ramirez;de;velazco;;;;
CALLE;ricardo rojas;La Rioja;ricardo;rojas;;;;;
CALLE;real viejo;La Rioja;real;viejo;;;;;
CALLE;retiro;La Rioja;retiro;;;;;;
CALLE;ricardo balbin;La Rioja;ricardo;balbin;;;;;
CALLE;roque lanus;La Rioja;roque;lanus;;;;;
RUTA;ruta a malligasta;La Rioja;ruta;a;malligasta;;;;
RUTA;ruta a tilimuqui;La Rioja;ruta;a;tilimuqui;;;;
RUTA;ruta nac 40;La Rioja;ruta;nac;40;;;;
RUTA;ruta pcial 12;La Rioja;ruta;pcial;12;;;;
RUTA;ruta pcial 13;La Rioja;ruta;pcial;13;;;;
RUTA;ruta pcial 14;La Rioja;ruta;pcial;14;;;;
RUTA;ruta pcial 15;La Rioja;ruta;pcial;15;;;;
CALLE;san jose;La Rioja;san;jose;;;;;
CALLE;sixto guevara;La Rioja;sixto;guevara;;;;;
CALLE;santa barbara;La Rioja;santa;barbara;;;;;
CALLE;santa lucia;La Rioja;santa;lucia;;;;;
CALLE;spilinbergo;La Rioja;spilinbergo;;;;;;
CALLE;timoteo gordillo;La Rioja;timoteo;gordillo;;;;;
CALLE;vicente a almonacid;La Rioja;vicente;a;almonacid;;;;
CALLE;vidaleras ramona y lidia barrios;La Rioja;vidaleras;ramona;y;lidia;barrios;;
CALLE;wamatinag;La Rioja;wamatinag;;;;;;
CALLE;zelada davila;La Rioja;zelada;davila;;;;;
CALLE;18 de octubre;La Rioja;18;de;octubre;;;;
CALLE;2 de abril;La Rioja;2;de;abril;;;;
CALLE;almandos almonacid;La Rioja;almandos;almonacid;;;;;
CALLE;americo abelin;La Rioja;americo;abelin;;;;;
AV;av 9 de julio;La Rioja;av;9;de;julio;;;
AV;av penaloza;La Rioja;av;penaloza;;;;;
AV;av san martin;La Rioja;av;san;martin;;;;
CALLE;belinda fernandez;La Rioja;belinda;fernandez;;;;;
CALLE;calle proyectada;La Rioja;calle;proyectada;;;;;
CALLE;calle publica n 10;La Rioja;calle;publica;n;10;;;
CALLE;calle publica n 7;La Rioja;calle;publica;n;7;;;
CALLE;calle publica n 8;La Rioja;calle;publica;n;8;;;
CALLE;calle publica n 9;La Rioja;calle;publica;n;9;;;
CALLE;cont salta;La Rioja;cont;salta;;;;;
CALLE;camino a la piedra;La Rioja;camino;a;la;piedra;;;
CALLE;f ortiz de ocampo;La Rioja;f;ortiz;de;ocampo;;;
CALLE;grl roca;La Rioja;grl;roca;;;;;
CALLE;heroe de chepes;La Rioja;heroe;de;chepes;;;;
CALLE;heroes de malvinas;La Rioja;heroes;de;malvinas;;;;
CALLE;holongasta;La Rioja;holongasta;;;;;;
CALLE;hugo guzman;La Rioja;hugo;guzman;;;;;
CALLE;jose m paz;La Rioja;jose;m;paz;;;;
CALLE;juan b alberdi;La Rioja;juan;b;alberdi;;;;
CALLE;juan d peron;La Rioja;juan;d;peron;;;;
CALLE;juan m de rosas;La Rioja;juan;m;de;rosas;;;
CALLE;los andes;La Rioja;los;andes;;;;;
CALLE;martin guemes;La Rioja;martin;guemes;;;;;
CALLE;mexico;La Rioja;mexico;;;;;;
CALLE;mons enrique angelelli;La Rioja;mons;enrique;angelelli;;;;
CALLE;natividad aguero;La Rioja;natividad;aguero;;;;;
CALLE;republica argentina;La Rioja;republica;argentina;;;;;
RUTA;ruta nac 141;La Rioja;ruta;nac;141;;;;
RUTA;ruta pcial 24;La Rioja;ruta;pcial;24;;;;
CALLE;sagrado corazon de jesus;La Rioja;sagrado;corazon;de;jesus;;;
CALLE;san juan bosco;La Rioja;san;juan;bosco;;;;
CALLE;victorino de la plaza;La Rioja;victorino;de;la;plaza;;;
